"","INDEX","YEAR","MN","HR","RH","NO1","MWS","W1","W2","W3","W4","NO2","N","NE","E","SE","S","SW","W","NW","CA","VA","NO3"
"1",42943,1984,1,3,67,31,4.5,0,0,28,3,31,0,6,14,2,2,0,2,2,3,0,31
"3",42943,1984,2,3,50,29,5.8,0,0,28,1,29,2,12,6,1,1,2,3,1,1,0,29
"5",42943,1984,3,3,21,31,4.9,0,0,31,0,31,4,6,10,3,3,1,2,2,0,0,31
"7",42943,1984,4,3,24,29,10.2,0,0,29,0,29,1,2,2,1,3,7,8,5,0,0,29
"9",42943,1984,5,3,20,31,15.4,0,8,23,0,31,2,1,0,0,0,1,14,13,0,0,31
"11",42943,1984,6,3,64,30,17.7,0,13,17,0,30,1,0,0,1,0,5,19,4,0,0,30
"13",42943,1984,7,3,79,31,14.3,0,2,29,0,31,1,0,0,0,0,6,14,10,0,0,31
"15",42943,1984,8,3,81,31,15.6,0,7,24,0,31,0,0,0,0,0,6,20,5,0,0,31
"17",42943,1984,9,3,70,30,10.7,0,2,27,1,30,5,2,1,0,1,1,12,7,1,0,30
"19",42943,1984,10,3,58,30,6.8,0,0,30,0,30,7,5,4,2,1,1,4,6,0,0,30
"21",42943,1984,11,3,37,22,6.4,0,0,22,0,22,4,7,7,2,1,0,1,0,0,0,22
"23",42943,1984,12,3,38,31,7.5,0,0,31,0,31,2,12,11,2,2,1,0,1,0,0,31
"25",42943,1985,1,3,64,31,6.7,0,0,31,0,31,3,11,8,3,2,2,1,1,0,0,31
"27",42943,1985,2,3,62,27,7.2,0,0,27,0,27,7,10,5,3,1,0,0,1,0,0,27
"29",42943,1985,3,3,42,31,6.5,0,0,31,0,31,5,6,1,1,4,2,6,6,0,0,31
"31",42943,1985,4,3,33,30,12.2,0,1,29,0,30,10,2,1,3,1,0,5,8,0,0,30
"33",42943,1985,5,3,33,30,16.9,0,8,23,0,31,2,0,0,0,3,5,11,10,0,0,31
"35",42943,1985,6,3,65,30,23.7,0,22,8,0,30,0,0,0,0,1,2,17,10,0,0,30
"37",42943,1985,7,3,80,31,17.7,0,10,21,0,31,0,0,0,0,0,9,17,5,0,0,31
"39",42943,1985,8,3,81,31,14.7,0,5,26,0,31,0,0,0,0,0,3,22,6,0,0,31
"41",42943,1985,9,3,72,30,12.7,0,1,29,0,30,1,1,0,1,3,2,18,4,0,0,30
"43",42943,1985,10,3,66,31,7.8,0,0,31,0,31,7,7,3,4,3,2,3,2,0,0,31
"45",42943,1985,11,3,41,30,6.1,0,0,30,0,30,4,13,6,3,2,1,1,0,0,0,30
"47",42943,1985,12,3,46,31,6.5,0,0,31,0,31,2,7,17,1,3,1,0,0,0,0,31
"49",42943,1986,1,3,51,30,7.2,0,0,30,0,30,2,10,8,5,3,2,0,0,0,0,30
"51",42943,1986,2,3,66,28,8.1,0,1,27,0,28,1,10,11,2,0,2,2,0,0,0,28
"53",42943,1986,3,3,46,30,8.3,0,1,29,0,30,2,8,9,2,1,2,3,3,0,0,30
"55",42943,1986,4,3,65.7254901960784,6,4.44509803921569,0,0,6,0,6,1,0,0,0,0,3,2,0,0,0,6
"57",42943,1986,5,3,28,31,12.8,0,6,25,0,31,6,0,2,1,0,2,10,10,0,0,31
"59",42943,1986,6,3,65,30,12.7,0,3,27,0,30,2,0,1,0,0,7,17,3,0,0,30
"61",42943,1986,7,3,79,30,15.2,0,7,23,0,30,0,0,0,0,0,4,24,2,0,0,30
"63",42943,1986,8,3,81,30,13.8,0,6,24,0,30,1,0,0,1,0,2,23,3,0,0,30
"65",42943,1986,9,3,68,30,8.4,0,0,30,0,30,5,4,0,0,0,0,14,7,0,0,30
"67",42943,1986,10,3,49,29,6.5,0,0,29,0,29,5,9,3,2,3,1,3,3,0,0,29
"69",42943,1986,11,3,51,30,6.3,0,0,30,0,30,3,10,10,1,1,2,2,1,0,0,30
"71",42943,1986,12,3,56,30,7,0,0,30,0,30,1,9,10,4,4,1,0,1,0,0,30
"73",42943,1987,1,3,62,31,7.6,0,0,31,0,31,1,8,15,4,1,0,1,1,0,0,31
"75",42943,1987,2,3,47,28,6.4,0,0,28,0,28,3,9,8,2,1,2,1,2,0,0,28
"77",42943,1987,3,3,34,31,7.8,0,0,31,0,31,4,5,6,4,2,3,4,3,0,0,31
"79",42943,1987,4,3,21,30,12.6,0,2,28,0,30,4,3,1,1,3,5,8,5,0,0,30
"81",42943,1987,5,3,34,31,12.9,0,3,28,0,31,6,0,0,1,3,5,10,6,0,0,31
"83",42943,1987,6,3,60,30,16.5,0,10,20,0,30,1,0,0,1,1,2,19,6,0,0,30
"85",42943,1987,7,3,80,31,19.4,0,14,17,0,31,0,0,0,0,0,4,23,4,0,0,31
"87",42943,1987,8,3,83,31,17.5,0,15,16,0,31,2,0,0,0,2,3,19,5,0,0,31
"89",42943,1987,9,3,72,30,15,0,7,23,0,30,0,0,1,0,1,2,18,8,0,0,30
"91",42943,1987,10,3,66,31,7.2,0,0,31,0,31,3,9,6,6,2,3,2,0,0,0,31
"93",42943,1987,11,3,65,30,5.8,0,0,30,0,30,6,15,6,2,0,1,0,0,0,0,30
"95",42943,1987,12,3,53,31,9.3,0,0,31,0,31,2,15,12,1,0,1,0,0,0,0,31
"97",42943,1988,1,3,55,31,7.8,0,0,31,0,31,0,9,13,4,3,1,0,1,0,0,31
"99",42943,1988,2,3,47,28,9.3,0,0,29,0,29,2,9,5,2,3,3,4,1,0,0,29
"101",42943,1988,3,3,31,31,12.3,0,4,27,0,31,3,4,5,1,1,2,8,7,0,0,31
"103",42943,1988,4,3,34,30,13.3,0,4,26,0,30,1,2,3,4,3,8,7,2,0,0,30
"105",42943,1988,5,3,26,31,20.5,0,21,10,0,31,4,1,1,0,0,1,13,11,0,0,31
"107",42943,1988,6,3,66,30,20.1,0,17,13,0,30,1,0,0,0,2,7,15,5,0,0,30
"109",42943,1988,7,3,87,31,11.1554455445545,0.0490196078431373,5.84313725490196,22.1078431372549,2.15686274509804,0,1,0,0,0,1,11,15,3,0,0,31
"111",42943,1988,8,3,86,31,9.899,0.0099009900990099,4.95049504950495,22.7227722772277,2.88118811881188,0,0,0,0,0,0,3,21,7,0,0,31
"113",42943,1988,9,3,86,30,9.9,0,1,29,0,30,2,2,4,2,4,3,10,3,0,0,30
"115",42943,1988,10,3,64,31,7.2,0,0,31,0,31,6,3,2,1,2,1,8,8,0,0,31
"117",42943,1988,11,3,48,30,5.1,0,0,30,0,30,7,11,7,3,1,0,0,1,0,0,30
"119",42943,1988,12,3,45,31,6,0,0,31,0,31,2,11,13,1,2,1,1,0,0,0,31
"121",42943,1989,1,3,40,31,7.5,0,0,31,0,31,0,9,12,2,2,1,3,2,0,0,31
"123",42943,1989,2,3,28,28,7.6,0,0,28,0,28,3,6,5,0,0,0,8,6,0,0,28
"125",42943,1989,4,3,20,30,9.7,0,2,28,0,30,7,2,2,0,1,3,9,6,0,0,30
"127",42943,1989,5,3,36,31,15.4,0,10,21,0,31,7,1,1,0,0,0,12,10,0,0,31
"129",42943,1989,6,3,69,30,9.206,0,3,1,0,4,0,0,0,0,1,2,25,2,0,0,30
"131",42943,1989,7,3,82,31,15.1,0,10,21,0,31,1,0,1,0,3,1,20,5,0,0,31
"133",42943,1989,8,3,87,31,16.9,0,12,19,0,31,1,0,0,0,0,1,24,5,0,0,31
"135",42943,1989,9,3,79,30,10.6,0,1,29,0,30,1,0,0,0,1,2,19,7,0,0,30
"137",42943,1989,10,3,50,31,6.3,0,0,31,0,31,4,8,5,1,1,1,6,5,0,0,31
"139",42943,1989,11,3,43,29,6,0,0,29,0,29,4,9,8,0,1,4,2,1,0,0,29
"141",42943,1989,12,3,52,31,8.2,0,0,31,0,31,2,9,15,2,2,0,1,0,0,0,31
"143",42943,1990,1,3,49,31,5.2,0,0,31,0,31,5,12,8,0,1,0,3,2,0,0,31
"145",42943,1990,2,3,46,27,7.7,0,0,28,0,28,4,5,7,2,2,2,3,3,0,0,28
"147",42943,1990,3,3,38,31,8.7,0,0,31,0,31,4,6,8,3,0,1,7,2,0,0,31
"149",42943,1990,4,3,22,30,13.9,0,6,24,0,30,5,5,0,2,2,1,12,3,0,0,30
"151",42943,1990,5,3,58,31,18.4,0,15,16,0,31,1,2,2,1,2,2,18,3,0,0,31
"153",42943,1990,6,3,76,30,18.7,0,21,9,0,30,0,0,0,0,1,2,26,1,0,0,30
"155",42943,1990,7,3,83,31,16.7,0,15,16,0,31,0,0,0,0,0,5,26,0,0,0,31
"157",42943,1990,8,3,86,29,13.5,0,6,23,0,29,1,0,0,1,0,4,20,3,0,0,29
"159",42943,1990,9,3,82,30,12.1,0,2,28,0,30,0,0,0,0,1,2,24,3,0,0,30
"161",42943,1990,10,3,74,31,6.9,0,0,31,0,31,3,7,5,3,3,2,5,3,0,0,31
"163",42943,1990,11,3,58,30,6.1,0,0,30,0,30,5,11,12,0,0,1,0,1,0,0,30
"165",42943,1990,12,3,65,31,6.6,0,0,31,0,31,1,9,16,2,1,0,2,0,0,0,31
"167",42943,1991,1,3,55,31,6.7,0,0,31,0,31,2,9,11,4,1,1,2,1,0,0,31
"169",42943,1991,2,3,42,28,6.5,0,0,28,0,28,4,3,4,2,5,3,5,2,0,0,28
"171",42943,1991,3,3,39,31,7.2,0,1,30,0,31,4,2,9,4,4,1,5,2,0,0,31
"173",42943,1991,4,3,34,30,6.5,0,0,30,0,30,8,5,3,0,2,3,7,2,0,0,30
"175",42943,1991,5,3,35,31,15.3,0,11,20,0,31,3,1,0,0,1,1,20,5,0,0,31
"177",42943,1991,6,3,69,30,14.4,0,7,23,0,30,0,1,2,4,3,1,17,2,0,0,30
"179",42943,1991,7,3,83,30,14.2,0,7,23,0,30,0,0,0,0,0,5,24,1,0,0,30
"181",42943,1991,8,3,83,31,15.5,0,10,21,0,31,0,0,0,0,0,1,30,0,0,0,31
"183",42943,1991,9,3,67,29,9.8,0,1,28,0,29,1,1,1,0,0,0,20,6,0,0,29
"185",42943,1991,10,3,59,31,5.4,0,0,31,0,31,8,6,9,1,1,0,3,3,0,0,31
"187",42943,1991,11,3,55,30,6.1,0,0,30,0,30,2,10,13,3,1,0,1,0,0,0,30
"189",42943,1991,12,3,53,31,6.3,0,0,31,0,31,3,9,11,1,2,2,2,1,0,0,31
"191",42943,1992,1,3,45,31,6.6,0,0,31,0,31,1,7,12,1,7,1,2,0,0,0,31
"193",42943,1992,2,3,35,29,6.8,0,0,29,0,29,4,6,7,0,0,0,9,3,0,0,29
"195",42943,1992,3,3,23,31,7.9,0,0,31,0,31,4,5,2,2,0,2,11,5,0,0,31
"197",42943,1992,4,3,24,30,9.2,0,0,30,0,30,5,2,1,2,4,2,9,5,0,0,30
"199",42943,1992,5,3,34,31,16,0,9,22,0,31,2,0,1,0,4,3,15,6,0,0,31
"201",42943,1992,6,3,55,29,13.7,0,7,22,0,29,0,0,0,2,1,1,23,2,0,0,29
"203",42943,1992,7,3,73,31,14.2,0,11,20,0,31,0,0,1,0,0,5,24,1,0,0,31
"205",42943,1992,8,3,88,31,17.3,0,16,15,0,31,0,0,0,3,1,3,22,2,0,0,31
"207",42943,1992,9,3,76,30,12.8,0,7,23,0,30,3,0,3,1,1,2,15,5,0,0,30
"209",42943,1992,10,3,62,31,8.7,0,1,30,0,31,5,8,3,0,3,2,7,3,0,0,31
"211",42943,1992,11,3,59,30,7.8,0,1,29,0,30,1,13,12,1,1,0,2,0,0,0,30
"213",42943,1992,12,3,43,31,6.3,0,0,31,0,31,5,9,11,3,2,0,0,1,0,0,31
"215",42943,1993,1,3,42,30,6.2,0,0,30,0,30,4,8,10,2,1,2,2,1,0,0,30
"217",42943,1993,2,3,34,27,9.4,0,4,23,0,27,3,4,8,1,2,2,6,1,0,0,27
"219",42943,1993,3,3,44,31,10.4,0,1,30,0,31,4,4,11,0,2,0,8,2,0,0,31
"221",42943,1993,4,3,31,30,11.1,0,0,30,0,30,0,2,3,1,3,1,17,3,0,0,30
"223",42943,1993,5,3,39,31,16.9,0,14,17,0,31,0,0,0,0,4,2,21,4,0,0,31
"225",42943,1993,6,3,69,30,17.8,0,15,15,0,30,0,0,0,0,2,4,21,3,0,0,30
"227",42943,1993,7,3,82,31,13,0,7,24,0,31,0,1,0,0,4,4,20,2,0,0,31
"229",42943,1993,8,3,85,31,10.3,0,4,27,0,31,0,0,0,0,0,1,28,2,0,0,31
"231",42943,1993,9,3,82,30,9.5,0,1,29,0,30,0,1,1,0,3,2,21,2,0,0,30
"233",42943,1993,10,3,74,30,4.9,0,0,30,0,30,8,8,6,2,3,0,1,2,0,0,30
"235",42943,1993,11,3,48,30,5.4,0,0,30,0,30,3,12,13,1,1,0,0,0,0,0,30
"237",42943,1993,12,3,65,31,6.1,0,0,31,0,31,4,2,22,1,1,0,0,1,0,0,31
"239",42943,1994,1,3,63,31,6.1,0,0,31,0,31,3,4,17,2,1,0,3,1,0,0,31
"241",42943,1994,2,3,57,28,6.6,0,0,28,0,28,3,8,10,1,3,0,2,1,0,0,28
"243",42943,1994,3,3,30,31,5.6,0,0,31,0,31,1,5,10,4,3,0,6,2,0,0,31
"245",42943,1994,4,3,40,30,8,0,0,30,0,30,1,0,6,2,4,1,15,1,0,0,30
"247",42943,1994,5,3,38,30,11.7,0,8,22,0,30,2,1,1,0,2,1,18,5,0,0,30
"249",42943,1994,6,3,69,30,10.3,0,5,25,0,30,1,0,2,0,5,0,22,0,0,0,30
"251",42943,1994,7,3,86,31,8.3,0,0,31,0,31,0,0,0,1,4,2,24,0,0,0,31
"253",42943,1994,8,3,88,31,8,0,0,31,0,31,0,0,0,0,4,1,25,1,0,0,31
"255",42943,1994,9,3,72,30,7,0,0,30,0,30,8,0,0,0,3,2,15,2,0,0,30
"257",42943,1994,10,3,66,31,5.6,0,0,31,0,31,7,8,8,1,1,0,5,1,0,0,31
"259",42943,1994,11,3,59,30,6.9,0,0,30,0,30,2,5,18,1,2,0,0,2,0,0,30
"261",42943,1994,12,3,45,31,6.3,0,0,31,0,31,0,2,21,4,2,0,2,0,0,0,31
"263",42943,1995,1,3,61,31,7.5,0,0,31,0,31,3,2,16,2,4,0,3,1,0,0,31
"265",42943,1995,2,3,48,28,8.7,0,0,28,0,28,4,2,12,2,3,1,2,2,0,0,28
"267",42943,1995,3,3,52,31,8.5,0,0,31,0,31,8,4,11,4,1,0,2,1,0,0,31
"269",42943,1995,4,3,36,29,6.7,0,0,29,0,29,5,1,3,0,5,2,12,1,0,0,29
"271",42943,1995,5,3,53,31,9.4,0,3,28,0,31,4,2,2,1,4,0,15,3,0,0,31
"273",42943,1995,6,3,60,29,12.8,0,7,22,0,29,0,0,0,1,2,1,22,3,0,0,29
"275",42943,1995,7,3,77,31,8.2,0,2,29,0,31,0,0,0,1,8,3,18,1,0,0,31
"277",42943,1995,8,3,78,31,7.5,0,0,31,0,31,0,0,0,0,1,1,28,1,0,0,31
"279",42943,1995,9,3,79,30,6,0,0,30,0,30,3,0,1,0,0,0,23,3,0,0,30
"281",42943,1995,10,3,68,30,5.8,0,0,30,0,30,5,6,14,1,0,0,4,0,0,0,30
"283",42943,1995,11,3,52,30,5.2,0,0,30,0,30,3,5,21,1,0,0,0,0,0,0,30
"285",42943,1995,12,3,53,31,6.2,0,0,31,0,31,0,3,13,5,8,1,1,0,0,0,31
"287",42943,1996,1,3,64,31,6.5,0,1,30,0,31,2,2,20,1,3,1,2,0,0,0,31
"289",42943,1996,2,3,42,29,6.1,0,0,28,1,29,1,3,15,1,2,1,2,2,2,0,29
"291",42943,1996,3,3,31,31,6.2,0,0,30,1,31,0,2,10,3,3,0,9,2,2,0,31
"293",42943,1996,4,3,36,30,7.4,0,2,28,0,30,2,3,4,3,6,1,8,3,0,0,30
"295",42943,1996,5,3,37,31,10.5,0,2,29,0,31,4,0,0,0,0,1,20,6,0,0,31
"297",42943,1996,6,3,50,30,12.5,0,10,19,1,30,2,1,2,0,3,0,21,0,1,0,30
"299",42943,1996,7,3,79,31,8.7,0,3,28,0,31,0,0,0,0,6,0,25,0,0,0,31
"301",42943,1996,8,3,86,31,6.9,0,0,31,0,31,1,0,0,0,4,2,24,0,0,0,31
"303",42943,1996,9,3,79,28,6.2,0,0,28,0,28,1,2,1,0,3,0,17,4,0,0,28
"305",42943,1996,12,3,46,31,6.4,0,0,31,0,31,1,6,22,0,2,0,0,0,0,0,31
"307",42943,1997,2,3,33,28,6,0,0,28,0,28,4,1,11,0,2,0,9,1,0,0,28
"309",42943,1997,3,3,31,31,6,0,0,31,0,31,4,2,6,3,6,0,7,3,0,0,31
"312",42943,1997,6,3,79.6862745098039,1,9.206,0,0,1,0,1,0,0,0,0,0,0,1,0,0,0,1
"314",42943,1997,7,3,86.0097087378641,1,11.1554455445545,0,0,1,0,1,0,0,0,0,0,0,1,0,0,0,1
"315",42943,1997,9,3,81,30,6,0,0,30,0,30,2,0,0,0,4,0,23,1,0,0,30
"317",42943,1997,10,3,65,31,5.4,0,0,31,0,31,4,2,8,4,6,0,7,0,0,0,31
"319",42943,1997,11,3,72,29,5.7,0,0,29,0,29,2,5,12,2,8,0,0,0,0,0,29
"321",42943,1998,1,3,64,31,5.8,0,0,31,0,31,4,3,17,3,3,0,1,0,0,0,31
"323",42943,1998,2,3,54,28,6.3,0,0,28,0,28,3,3,11,1,4,0,5,1,0,0,28
"325",42943,1998,3,3,42,31,6.1,0,0,31,0,31,2,3,14,2,4,0,3,3,0,0,31
"327",42943,1998,4,3,30,30,6.1,0,0,30,0,30,1,2,3,2,3,0,14,5,0,0,30
"329",42943,1998,5,3,32,31,7.3,0,1,30,0,31,2,0,1,1,4,0,21,2,0,0,31
"331",42943,1998,6,3,60,30,9.7,0,3,27,0,30,0,0,0,0,6,0,22,2,0,0,30
"333",42943,1998,7,3,85,30,5.7,0,0,30,0,30,1,0,3,0,5,0,21,0,0,0,30
"335",42943,1998,8,3,83,31,7,0,1,30,0,31,1,0,1,1,4,0,22,2,0,0,31
"337",42943,1998,9,3,84,30,5.8,0,0,30,0,30,3,1,3,0,4,0,18,1,0,0,30
"339",42943,1998,10,3,75,31,5.4,0,0,31,0,31,6,2,8,0,3,0,11,1,0,0,31
"341",42943,1998,11,3,66,30,4.6,0,0,30,0,30,10,4,14,0,1,0,0,1,0,0,30
"343",42943,1998,12,3,44,31,4.3,0,0,31,0,31,2,6,19,2,1,0,1,0,0,0,31
"345",42943,1999,1,3,43,31,5.8,0,0,31,0,31,0,3,21,2,1,0,4,0,0,0,31
"347",42943,1999,2,3,54,27,5.7,0,0,27,0,27,1,2,15,4,3,0,2,0,0,0,27
"349",42943,1999,3,3,26,31,5.5,0,0,31,0,31,2,6,8,1,2,0,12,0,0,0,31
"351",42943,1999,4,3,18,30,6.3,0,0,30,0,30,5,2,2,0,4,0,7,10,0,0,30
"353",42943,1999,5,3,42,31,7.1,0,0,31,0,31,3,0,0,1,5,0,22,0,0,0,31
"355",42943,1999,6,3,66,30,9.1,0,0,30,0,30,0,0,0,0,1,0,29,0,0,0,30
"357",42943,1999,7,3,82,29,6.7,0,1,28,0,29,1,0,0,0,7,0,21,0,0,0,29
"359",42943,1999,8,3,83,31,7.2,0,0,31,0,31,0,0,0,0,0,0,31,0,0,0,31
"361",42943,1999,9,3,87,29,7.1,0,1,28,0,29,1,0,2,0,2,0,21,3,0,0,29
"363",42943,1999,10,3,72,31,5.2,0,0,31,0,31,7,3,8,2,4,1,4,2,0,0,31
"365",42943,1999,11,3,46,30,4.8,0,0,30,0,30,10,2,15,0,1,0,2,0,0,0,30
"367",42943,1999,12,3,55,31,5.4,0,0,31,0,31,1,4,19,3,4,0,0,0,0,0,31
"369",42943,2000,1,3,55,31,5.3,0,0,31,0,31,5,3,15,1,4,0,3,0,0,0,31
"371",42943,2000,2,3,52,28,6.5,0,0,28,0,28,4,6,9,0,3,0,6,0,0,0,28
"373",42943,2000,3,3,36,31,5.8,0,0,31,0,31,4,1,11,0,1,0,10,4,0,0,31
"375",42943,2000,4,3,28,30,7.2,0,0,30,0,30,2,0,4,0,7,0,15,2,0,0,30
"377",42943,2000,5,3,49,31,9,0,3,27,0,30,1,1,4,0,2,0,22,0,0,0,30
"379",42943,2000,6,3,72,30,7.8,0,2,28,0,30,0,0,1,0,4,0,25,0,0,0,30
"381",42943,2000,7,3,81,30,6.1,0,0,30,0,30,0,0,1,0,1,0,28,0,0,0,30
"383",42943,2000,8,3,78,31,6.1,0,0,31,0,31,2,1,1,0,2,0,25,0,0,0,31
"385",42943,2000,9,3,70,30,5.2,0,0,30,0,30,0,1,0,0,6,0,20,3,0,0,30
"387",42943,2000,10,3,54,31,4.1,0,0,31,0,31,5,3,4,2,6,0,10,1,0,0,31
"389",42943,2000,11,3,46,30,4.3,0,0,30,0,30,6,4,10,3,2,1,3,1,0,0,30
"391",42943,2000,12,3,32,31,5.6,0,0,31,0,31,2,5,19,2,1,0,2,0,0,0,31
"393",42943,2001,1,3,49,31,5.3,0,0,31,0,31,2,6,14,2,4,0,3,0,0,0,31
"395",42943,2001,2,3,31,27,5.5,0,0,26,1,27,2,5,7,1,3,1,7,0,1,0,27
"397",42943,2001,3,3,40,31,6.8,0,0,31,0,31,3,3,10,2,2,0,8,3,0,0,31
"399",42943,2001,4,3,37,30,5.2,0,0,30,0,30,6,1,8,3,6,0,6,0,0,0,30
"401",42943,2001,5,3,34,31,8.8,0,1,30,0,31,0,0,0,0,2,0,26,3,0,0,31
"403",42943,2001,6,3,69,30,8.9,0,2,28,0,30,0,0,1,0,2,0,26,1,0,0,30
"405",42943,2001,7,3,74,31,6,0,0,31,0,31,2,0,0,0,0,0,28,1,0,0,31
"407",42943,2001,8,3,83,30,6.4,0,0,30,0,30,0,0,0,0,0,0,30,0,0,0,30
"409",42943,2001,9,3,67,30,5,0,0,30,0,30,2,1,1,0,0,0,20,6,0,0,30
"411",42943,2001,10,3,66,30,4.6,0,0,30,0,30,10,3,6,0,2,0,9,0,0,0,30
"413",42943,2001,11,3,44,30,5.3,0,0,30,0,30,2,5,17,0,2,0,3,1,0,0,30
"415",42943,2001,12,3,38,31,5.4,0,0,31,0,31,3,5,16,1,5,0,1,0,0,0,31
"417",42943,2002,1,3,44,31,5.5,0,0,31,0,31,2,5,16,1,0,1,6,0,0,0,31
"419",42943,2002,2,3,43,28,5.5,0,0,28,0,28,0,1,17,2,4,0,4,0,0,0,28
"421",42943,2002,3,3,28,31,5.4,0,0,31,0,31,4,1,15,0,3,0,8,0,0,0,31
"423",42943,2002,4,3,28,30,5.6,0,0,30,0,30,3,1,1,0,4,0,21,0,0,0,30
"425",42943,2002,6,3,63,30,6,0,0,30,0,30,0,0,0,0,7,1,22,0,0,0,30
"427",42943,2002,7,3,71,31,6.3,0,0,31,0,31,0,0,0,0,0,1,30,0,0,0,31
"429",42943,2002,8,3,85,30,6,0,0,30,0,30,1,0,0,0,0,1,28,0,0,0,30
"431",42943,2002,9,3,77,30,5.2,0,0,30,0,30,2,0,0,0,0,0,28,0,0,0,30
"433",42943,2002,10,3,53,31,4.9,0,0,31,0,31,3,7,10,0,4,0,7,0,0,0,31
"435",42943,2002,11,3,43,30,5.4,0,0,29,1,30,5,6,16,1,0,0,1,0,1,0,30
"437",42943,2002,12,3,39,31,5.8,0,0,31,0,31,1,2,13,0,11,0,4,0,0,0,31
"439",42943,2003,1,3,48,31,5.9,0,0,31,0,31,3,1,23,1,1,0,1,1,0,0,31
"441",42943,2003,2,3,48,28,6,0,0,28,0,28,2,0,20,0,4,0,2,0,0,0,28
"443",42943,2003,3,3,36,31,6,0,0,31,0,31,5,1,11,0,7,0,5,2,0,0,31
"445",42943,2003,4,3,40,30,6,0,0,30,0,30,3,1,2,3,4,0,15,2,0,0,30
"447",42943,2003,5,3,30,31,6.7,0,0,31,0,31,0,0,4,0,2,0,19,6,0,0,31
"449",42943,2003,6,3,56,30,6.2,0,0,30,0,30,0,0,0,0,3,0,27,0,0,0,30
"451",42943,2003,7,3,84,31,4.9,0,0,31,0,31,0,0,0,0,0,0,31,0,0,0,31
"453",42943,2003,8,3,83,31,5.5,0,0,31,0,31,0,0,0,0,2,0,29,0,0,0,31
"455",42943,2003,9,3,81,30,5.4,0,0,30,0,30,1,0,1,0,1,0,26,1,0,0,30
"457",42943,2003,10,3,65,31,5.1,0,0,31,0,31,11,8,6,0,2,0,4,0,0,0,31
"459",42943,2003,11,3,48,30,5,0,0,30,0,30,4,2,11,3,9,0,1,0,0,0,30
"461",42943,2003,12,3,49,31,5.2,0,0,31,0,31,1,3,22,2,2,0,0,1,0,0,31
"463",42943,2004,1,3,57,31,6.1,0,0,31,0,31,2,4,13,3,8,0,1,0,0,0,31
"465",42943,2004,2,3,48,28,5.8,0,0,28,0,28,0,5,14,2,4,0,3,0,0,0,28
"467",42943,2004,3,3,27,31,5.8,0,0,31,0,31,2,2,8,0,5,0,13,1,0,0,31
"469",42943,2004,4,3,33,30,6.2,0,0,30,0,30,2,0,1,0,3,0,20,4,0,0,30
"471",42943,2004,5,3,43,30,6.9,0,0,30,0,30,3,0,4,0,0,0,23,0,0,0,30
"473",42943,2004,6,3,58,30,6.4,0,0,30,0,30,0,0,0,0,3,0,27,0,0,0,30
"475",42943,2004,7,3,72,31,6.2,0,0,31,0,31,0,0,1,0,0,0,28,2,0,0,31
"477",42943,2004,8,3,82,30,5.7,0,0,30,0,30,0,0,0,0,0,0,30,0,0,0,30
"479",42943,2004,9,3,74,30,5.3,0,0,30,0,30,0,0,1,0,5,0,20,4,0,0,30
"481",42943,2004,10,3,57,31,5.4,0,0,31,0,31,3,10,13,0,1,0,2,2,0,0,31
"483",42943,2004,11,3,43,30,5.7,0,0,30,0,30,0,2,23,1,2,0,0,2,0,0,30
"485",42943,2004,12,3,36,30,6.2,0,0,30,0,30,2,10,17,0,1,0,0,0,0,0,30
"487",42943,2005,1,3,50,31,6.2,0,0,31,0,31,1,6,16,3,4,0,1,0,0,0,31
"489",42943,2005,2,3,46,28,5.8,0,0,28,0,28,1,0,13,1,2,0,8,3,0,0,28
"491",42943,2005,3,3,37,30,5.8,0,0,30,0,30,3,4,8,2,5,0,5,3,0,0,30
"493",42943,2005,4,3,26,30,6.3,0,0,30,0,30,2,0,11,2,2,0,13,0,0,0,30
"495",42943,2005,5,3,25,31,6,0,0,31,0,31,0,0,10,0,2,0,17,2,0,0,31
"497",42943,2005,6,3,47,30,6.4,0,0,29,1,30,0,0,1,0,2,0,24,2,1,0,30
"499",42943,2005,7,3,80,31,6.3,0,0,31,0,31,2,0,0,0,0,0,28,1,0,0,31
"501",42943,2005,8,3,81,30,5.7,0,0,30,0,30,0,0,0,0,0,0,26,4,0,0,30
"503",42943,2005,9,3,81,30,5.5,0,0,30,0,30,5,0,3,0,4,1,13,4,0,0,30
"505",42943,2005,10,3,69,31,5.7,0,0,31,0,31,8,7,4,1,1,0,4,6,0,0,31
"507",42943,2005,11,3,42,30,5.9,0,0,30,0,30,3,6,6,2,0,0,11,2,0,0,30
"509",42943,2005,12,3,40,31,5.8,0,0,31,0,31,2,5,16,2,0,0,6,0,0,0,31
"511",43001,1988,1,3,64,31,4.9,0,0,24,7,31,6,2,13,3,0,0,0,0,7,0,31
"513",43001,1988,2,3,67,28,4.1,0,0,21,8,29,1,1,17,2,0,0,0,0,8,0,29
"515",43001,1988,3,3,69,30,5,0,0,25,5,30,0,0,16,7,0,0,0,2,5,0,30
"517",43001,1988,4,3,68,30,5.8,0,0,27,3,30,1,2,3,17,0,1,2,1,3,0,30
"519",43001,1988,5,3,70,31,8.7,0,2,28,1,31,1,0,1,5,3,7,11,2,1,0,31
"521",43001,1988,6,3,79,30,9,0,2,25,3,30,0,0,1,10,3,7,6,0,3,0,30
"523",43001,1988,7,3,90,31,14.7,0,8,23,0,31,0,0,1,4,1,19,5,1,0,0,31
"525",43001,1988,8,3,88,31,12.8,0,9,22,0,31,0,0,1,10,0,13,6,1,0,0,31
"527",43001,1988,9,3,87,30,6.2,0,0,28,2,30,0,1,8,11,1,6,0,1,2,0,30
"529",43001,1988,10,3,73,31,6.8,0,0,31,0,31,3,2,17,8,0,0,0,1,0,0,31
"531",43001,1988,11,3,55,30,6.3,0,0,29,1,30,1,3,16,9,0,0,0,0,1,0,30
"533",43001,1988,12,3,64,31,4.8,0,0,23,8,31,1,2,14,6,0,0,0,0,8,0,31
"535",43001,1989,1,3,58,31,4.9,0,0,24,7,31,6,3,14,1,0,0,0,0,7,0,31
"537",43001,1989,2,3,51,28,4.2,0,0,19,9,28,9,1,9,0,0,0,0,0,9,0,28
"539",43001,1989,3,3,66,31,5,0,0,29,2,31,3,3,15,5,0,0,0,3,2,0,31
"541",43001,1989,4,3,63,30,4.8,0,0,24,6,30,4,2,8,5,4,1,0,0,6,0,30
"543",43001,1989,5,3,68,31,8.3,0,0,27,4,31,0,1,1,5,5,12,2,1,4,0,31
"545",43001,1989,6,3,82,30,9.5,0,4,23,3,30,0,2,1,11,1,10,1,1,3,0,30
"547",43001,1989,7,3,86,31,17.2,0,13,17,1,31,1,0,2,4,1,15,6,1,1,0,31
"549",43001,1989,8,3,87,31,16.3,0,12,16,3,31,0,0,1,2,0,15,10,0,3,0,31
"551",43001,1989,9,3,86,30,5.1,0,0,19,11,30,0,0,6,6,0,2,2,2,11,1,30
"553",43001,1989,10,3,74,31,3,0,0,16,15,31,1,0,13,2,0,0,0,0,15,0,31
"555",43001,1989,11,3,66,30,3.8,0,0,16,14,30,1,0,14,1,0,0,0,0,14,0,30
"557",43001,1989,12,3,55,31,4.7,0,0,19,12,31,1,1,12,5,0,0,0,0,12,0,31
"559",43001,1990,1,3,61,31,3.2,0,0,16,15,31,4,0,12,0,0,0,0,0,15,0,31
"561",43001,1990,2,3,60,28,6.8,0,0,26,2,28,7,0,15,3,0,0,0,1,2,0,28
"563",43001,1990,3,3,67,31,4.7,0,0,22,9,31,5,1,11,3,0,0,0,2,9,0,31
"565",43001,1990,4,3,72,30,4.2,0,0,20,10,30,0,1,7,8,2,1,0,1,10,0,30
"567",43001,1990,5,3,76,31,6.9,0,1,22,8,31,0,0,3,4,1,9,5,1,8,0,31
"569",43001,1990,6,3,81,30,12.8,0,9,14,7,30,0,0,2,2,1,11,6,1,7,0,30
"571",43001,1990,7,3,86,31,20.3,0,20,9,2,31,0,0,0,0,2,18,8,1,2,0,31
"573",43001,1990,8,3,89,31,17.1,0,11,19,1,31,0,0,0,0,1,15,12,2,1,0,31
"575",43001,1990,9,3,89,30,8,0,2,24,4,30,0,0,7,6,2,9,2,0,4,0,30
"577",43001,1990,10,3,79,31,3.6,0,0,19,12,31,0,1,12,6,0,0,0,0,12,0,31
"579",43001,1990,11,3,69,30,3,0,0,15,15,30,0,2,10,3,0,0,0,0,15,0,30
"581",43001,1990,12,3,68,31,3.6,0,0,18,13,31,2,1,11,4,0,0,0,0,13,0,31
"583",43001,1991,1,3,62,31,2.6,0,0,13,18,31,4,2,5,2,0,0,0,0,18,0,31
"585",43001,1991,2,3,63,27,2.8,0,0,14,13,27,5,2,5,2,0,0,0,0,13,0,27
"587",43001,1991,3,3,71,31,3,0,0,18,13,31,1,1,14,2,0,0,0,0,13,0,31
"589",43001,1991,4,3,72,30,2.6,0,0,15,15,30,1,0,8,4,0,2,0,0,15,0,30
"591",43001,1991,5,3,74,31,5.6,0,1,18,12,31,0,0,0,1,1,9,6,2,12,0,31
"593",43001,1991,6,3,81,30,12.2,0,5,21,4,30,0,0,1,1,1,17,5,1,4,0,30
"595",43001,1991,7,3,91,31,15,0,12,16,3,31,0,0,1,2,1,18,5,1,3,0,31
"597",43001,1991,8,3,87,31,13.9,0,10,17,4,31,0,0,0,0,1,17,9,0,4,0,31
"599",43001,1991,9,3,85,30,4.6,0,3,11,16,30,0,0,6,2,0,3,2,1,16,0,30
"601",43001,1991,10,3,70,31,3.4,0,0,20,11,31,1,1,15,3,0,0,0,0,11,0,31
"603",43001,1991,11,3,63,30,1.9,0,0,12,18,30,0,1,10,1,0,0,0,0,18,0,30
"605",43001,1991,12,3,60,31,2.5,0,0,18,13,31,0,2,15,1,0,0,0,0,13,0,31
"607",43001,1992,1,3,62,31,3.8,0,0,23,8,31,3,1,17,0,0,0,0,2,8,0,31
"609",43001,1992,2,3,65,29,2.7,0,0,17,12,29,3,1,10,1,0,0,1,1,12,0,29
"611",43001,1992,3,3,63,31,4.1,0,0,22,9,31,5,3,10,2,0,0,0,2,9,0,31
"613",43001,1992,4,3,72,30,3.3,0,0,17,13,30,3,0,8,3,0,0,0,3,13,0,30
"615",43001,1992,5,3,70,31,3.9,0,0,20,11,31,0,0,2,1,7,6,3,1,11,0,31
"617",43001,1992,6,3,79,30,11.2,0,4,20,6,30,0,0,1,1,4,11,6,1,6,0,30
"619",43001,1992,7,3,84,30,15.5,0,9,20,1,30,0,1,2,4,2,18,2,0,1,0,30
"621",43001,1992,8,3,90,31,7.3,0,1,21,9,31,0,0,3,1,1,12,4,1,9,0,31
"623",43001,1992,9,3,86,30,6.6,0,2,16,12,30,2,0,7,1,1,5,1,1,12,0,30
"625",43001,1992,10,3,78,31,4.4,0,0,26,5,31,5,1,15,3,0,1,1,0,5,0,31
"627",43001,1992,11,3,60,30,2.4,0,0,17,13,30,1,2,12,1,0,0,0,1,13,0,30
"629",43001,1992,12,3,61,31,3.7,0,0,25,6,31,1,2,21,1,0,0,0,0,6,0,31
"631",43001,1993,1,3,61,31,3.8,0,0,21,10,31,10,1,8,0,0,0,0,2,10,0,31
"633",43001,1993,2,3,54,28,3.5,0,0,21,7,28,5,1,14,0,0,0,0,1,7,0,28
"635",43001,1993,3,3,62,31,5,0,0,30,1,31,6,2,18,2,0,1,0,1,1,0,31
"637",43001,1993,4,3,70,30,2.6,0,0,16,14,30,0,1,10,4,0,1,0,0,14,0,30
"639",43001,1993,5,3,71,30,6,0,0,25,5,30,0,0,3,3,2,14,3,0,5,0,30
"641",43001,1993,6,3,82,30,9.1,0,2,25,3,30,0,0,3,3,1,10,8,1,3,1,30
"643",43001,1993,7,3,86,31,14.5,0,11,18,2,31,0,1,1,3,0,17,5,2,2,0,31
"645",43001,1993,8,3,86,31,9.5,0,5,21,5,31,0,0,1,2,2,17,4,0,5,0,31
"647",43001,1993,9,3,88,30,8.4,0,2,23,5,30,2,0,4,3,0,7,8,1,5,0,30
"649",43001,1993,10,3,80,31,3.2,0,0,23,8,31,2,5,15,1,0,0,0,0,8,0,31
"651",43001,1993,11,3,62,30,4,0,0,25,5,30,1,3,18,3,0,0,0,0,5,0,30
"653",43001,1993,12,3,62,31,3.8,0,0,25,6,31,0,2,19,4,0,0,0,0,6,0,31
"655",43001,1994,1,3,66,31,3.5,0,0,25,6,31,4,2,19,0,0,0,0,0,6,0,31
"657",43001,1994,2,3,63,28,3,0,0,18,10,28,3,5,6,0,0,0,1,2,10,1,28
"659",43001,1994,3,3,64,31,3,0,0,21,10,31,4,1,13,1,0,0,0,2,10,0,31
"661",43001,1994,4,3,72,30,3.3,0,0,20,10,30,0,0,7,4,0,1,5,0,10,3,30
"663",43001,1994,5,3,72,29,5.5,0,0,25,4,29,0,0,4,0,2,10,7,0,4,2,29
"665",43001,1994,6,3,85,30,10,0,3,23,4,30,0,0,1,2,3,12,7,0,4,1,30
"667",43001,1994,7,3,89,31,9.5,0,2,27,2,31,0,0,0,1,3,23,2,0,2,0,31
"669",43001,1994,8,3,88,30,11.4,0,3,25,2,30,0,0,0,0,1,26,1,0,2,0,30
"671",43001,1994,9,3,86,30,6.3,0,0,25,5,30,1,1,7,2,2,11,0,1,5,0,30
"673",43001,1994,10,3,71,31,3.2,0,0,23,8,31,0,2,20,0,0,1,0,0,8,0,31
"675",43001,1994,11,3,65,29,4.6,0,0,27,2,29,0,5,21,1,0,0,0,0,2,0,29
"677",43001,1994,12,3,62,31,4.1,0,0,23,8,31,2,5,12,2,0,0,1,1,8,0,31
"679",43001,1995,1,3,64,31,3,0,0,21,10,31,3,0,16,2,0,0,0,0,10,0,31
"681",43001,1995,2,3,65,28,4.6,0,0,25,3,28,1,1,18,2,0,0,2,1,3,0,28
"683",43001,1995,3,3,61,31,5.2,0,0,30,1,31,7,2,16,3,0,0,0,2,1,0,31
"685",43001,1995,4,3,65,30,4.6,0,0,26,4,30,3,3,7,4,1,0,4,4,4,0,30
"687",43001,1995,5,3,69,30,7.3,0,1,26,3,30,0,0,2,1,8,10,3,2,3,1,30
"689",43001,1995,6,3,75,30,8.5,0,1,22,7,30,0,0,0,0,0,16,6,0,7,1,30
"691",43001,1995,7,3,85,31,8.1,0,2,22,7,31,0,0,0,3,0,14,4,0,7,3,31
"693",43001,1995,8,3,85,31,8.3,0,1,25,5,31,0,0,4,0,0,14,7,0,5,1,31
"695",43001,1995,9,3,83,30,5.8,0,1,21,8,30,0,0,9,1,0,2,8,0,8,2,30
"697",43001,1995,10,3,72,31,4.4,0,0,24,7,31,0,5,16,1,0,0,0,0,7,2,31
"699",43001,1995,11,3,60,30,4.1,0,0,25,5,30,1,1,21,1,0,0,0,1,5,0,30
"701",43001,1995,12,3,60,31,3.8,0,0,23,8,31,4,1,17,0,0,0,0,1,8,0,31
"703",43001,1996,1,3,69,31,3.4,0,0,24,7,31,4,3,16,1,0,0,0,0,7,0,31
"705",43001,1996,2,3,62,29,2.4,0,0,16,13,29,3,6,7,0,0,0,0,0,13,0,29
"707",43001,1996,3,3,69,31,3.6,0,0,22,9,31,3,2,14,2,0,0,0,0,9,1,31
"709",43001,1996,4,3,70,30,2.8,0,0,18,12,30,2,0,8,3,0,1,1,0,12,3,30
"711",43001,1996,5,3,73,31,5.7,0,0,25,6,31,0,0,1,1,2,8,9,2,6,2,31
"713",43001,1996,6,3,80,30,8,0,2,24,1,27,0,0,6,2,0,14,3,0,1,1,27
"715",43001,1996,7,3,86,31,9.9,0,5,24,2,31,0,0,3,7,1,12,4,0,2,2,31
"717",43001,1996,8,3,85,31,11.6,0,6,21,4,31,0,0,2,0,1,15,7,2,4,0,31
"719",43001,1996,9,3,84,30,5.8,0,1,23,6,30,1,0,7,3,0,2,10,1,6,0,30
"721",43001,1996,10,3,71,31,4.2,0,1,24,6,31,0,3,15,6,0,0,1,0,6,0,31
"723",43001,1996,11,3,66,30,3.8,0,0,26,4,30,0,1,24,0,0,0,0,1,4,0,30
"725",43001,1996,12,3,59,31,3.4,0,0,22,9,31,2,2,16,2,0,0,0,0,9,0,31
"727",43001,1997,1,3,66,31,3.6,0,0,23,8,31,3,2,15,0,0,0,0,1,8,2,31
"729",43001,1997,2,3,68,28,3.3,0,0,22,6,28,0,2,18,1,0,0,0,1,6,0,28
"731",43001,1997,3,3,60,30,2.3,0,0,15,15,30,4,1,8,2,0,0,0,0,15,0,30
"733",43001,1997,4,3,72,30,1.9,0,0,14,16,30,0,2,5,0,0,0,3,2,16,2,30
"735",43001,1997,5,3,72,30,4.8,0,0,17,13,30,0,0,1,0,0,13,2,0,13,1,30
"737",43001,1997,6,3,84,30,7.6,0,2,23,5,30,0,0,5,2,0,13,3,0,5,2,30
"739",43001,1997,7,3,85,30,8.4,0,2,25,3,30,0,0,0,0,1,21,4,0,3,1,30
"741",43001,1997,8,3,87,31,10.5,0,4,25,2,31,0,0,0,0,0,24,5,0,2,0,31
"743",43001,1997,9,3,86,30,2.4,0,0,14,16,30,0,0,8,1,0,2,1,0,16,2,30
"745",43001,1997,10,3,73,31,4.1,0,0,28,3,31,0,2,24,0,0,0,0,1,3,1,31
"747",43001,1997,11,3,79,30,2.2,0,0,16,14,30,1,0,12,1,0,0,0,2,14,0,30
"749",43001,1997,12,3,79,30,3,0,0,23,7,30,4,2,15,1,0,0,0,0,7,1,30
"751",43001,1998,1,3,72,31,3.5,0,0,24,7,31,4,2,17,0,0,0,0,1,7,0,31
"753",43001,1998,2,3,65,28,3.5,0,0,22,6,28,2,1,14,1,0,0,1,3,6,0,28
"755",43001,1998,3,3,65,31,3,0,0,20,11,31,4,1,13,1,0,0,1,0,11,0,31
"757",43001,1998,4,3,77,30,1.9,0,0,12,18,30,0,0,2,0,0,2,4,3,18,1,30
"759",43001,1998,5,3,73,31,5.5,0,0,24,7,31,0,0,7,1,1,10,3,0,7,2,31
"761",43001,1998,6,3,80,29,7,0,1,22,6,29,0,0,0,2,1,12,1,2,6,5,29
"763",43001,1998,7,3,88,30,8.9,0,3,21,6,30,0,0,1,0,1,16,2,1,6,3,30
"765",43001,1998,8,3,89,30,5.4,0,0,17,13,30,0,0,0,0,0,15,1,0,13,1,30
"767",43001,1998,9,3,88,29,4,0,0,14,15,29,0,0,3,1,0,2,4,1,15,3,29
"769",43001,1998,10,3,81,30,1.9,0,0,13,17,30,0,1,8,0,0,0,0,0,17,4,30
"771",43001,1998,11,3,68,30,2.1,0,0,16,14,30,0,0,12,1,0,0,0,1,14,2,30
"773",43001,1998,12,3,61,30,3.3,0,0,23,7,30,0,1,22,0,0,0,0,0,7,0,30
"775",43001,1999,1,3,69,31,3.1,0,0,22,9,31,3,0,18,1,0,0,0,0,9,0,31
"777",43001,1999,2,3,71,27,1.6,0,0,10,17,27,1,1,6,1,0,0,0,1,17,0,27
"779",43001,1999,3,3,64,31,2.9,0,0,19,12,31,3,1,10,0,0,0,1,3,12,1,31
"781",43001,1999,4,3,74,30,2.2,0,0,17,13,30,0,1,12,0,0,1,0,0,13,3,30
"783",43001,1999,5,3,75,31,4.3,0,0,25,6,31,0,2,0,1,0,10,6,0,6,6,31
"785",43001,1999,6,3,85,30,6.1,0,2,21,7,30,0,0,2,0,0,18,2,0,7,1,30
"787",43001,1999,7,3,87,30,12.5,0,6,20,4,30,0,0,1,2,1,20,1,0,4,1,30
"789",43001,1999,8,3,87,30,7.2,0,2,22,6,30,1,0,0,2,0,18,3,0,6,0,30
"791",43001,1999,9,3,87,30,5,0,0,21,9,30,2,0,5,5,0,6,3,0,9,0,30
"793",43001,1999,10,3,77,31,2.5,0,0,17,14,31,0,1,16,0,0,0,0,0,14,0,31
"795",43001,1999,11,3,63,30,3,0,0,20,10,30,0,2,17,1,0,0,0,0,10,0,30
"797",43001,1999,12,3,62,31,3.1,0,0,20,11,31,0,3,17,0,0,0,0,0,11,0,31
"799",43001,2000,1,3,68,31,3,0,0,20,11,31,3,1,14,1,0,0,0,1,11,0,31
"801",43001,2000,2,3,67,29,3.1,0,0,18,11,29,1,2,13,0,0,0,0,2,11,0,29
"803",43001,2000,3,3,62,31,2.5,0,0,18,13,31,0,4,13,0,0,0,0,1,13,0,31
"805",43001,2000,4,3,72,30,2.2,0,0,14,16,30,0,2,0,2,0,6,2,1,16,1,30
"807",43001,2000,5,3,76,31,4.6,0,1,21,9,31,0,0,1,4,1,14,0,0,9,2,31
"809",43001,2000,6,3,83,30,10,0,5,19,6,30,0,0,3,3,0,16,2,0,6,0,30
"811",43001,2000,7,3,90,31,16.2,0,11,19,1,31,0,0,0,0,1,23,4,1,1,1,31
"813",43001,2000,8,3,86,31,10.5,0,6,18,7,31,1,0,0,1,0,16,6,0,7,0,31
"815",43001,2001,1,3,65,31,1.8,0,0,11,20,31,1,4,6,0,0,0,0,0,20,0,31
"817",43001,2001,2,3,63,27,2.6,0,0,17,10,27,2,2,11,0,0,0,0,1,10,1,27
"819",43001,2001,3,3,73,31,3.2,0,0,18,13,31,0,2,14,0,0,0,1,0,13,1,31
"821",43001,2001,4,3,66,30,1.2,0,0,9,21,30,0,1,3,1,0,0,1,3,21,0,30
"823",43001,2001,5,3,70,31,5,0,0,24,7,31,0,0,0,5,1,14,2,0,7,2,31
"825",43001,2001,6,3,83,30,8.4,0,2,23,5,30,0,0,1,1,3,19,1,0,5,0,30
"827",43001,2001,7,3,88,30,8.6,0,1,23,6,30,0,0,1,0,3,17,3,0,6,0,30
"829",43001,2001,8,3,88,31,6.3,0,2,16,13,31,0,0,0,0,1,12,5,0,13,0,31
"831",43001,2001,9,3,87,30,2.2,0,0,15,15,30,0,1,10,0,0,1,2,1,15,0,30
"833",43001,2001,10,3,73,31,2.7,0,0,17,14,31,0,0,11,1,0,2,3,0,14,0,31
"835",43001,2001,11,3,57,30,2.6,0,0,17,13,30,0,2,11,3,0,0,0,0,13,1,30
"837",43001,2001,12,3,61,31,3.2,0,0,19,12,31,0,0,19,0,0,0,0,0,12,0,31
"839",43001,2002,1,3,61,31,3.3,0,0,17,14,31,3,0,14,0,0,0,0,0,14,0,31
"841",43001,2002,2,3,59,28,2.2,0,0,10,18,28,7,0,3,0,0,0,0,0,18,0,28
"843",43001,2002,3,3,60,30,2.2,0,0,13,17,30,3,0,8,1,0,0,0,1,17,0,30
"845",43001,2002,4,3,68,30,2.1,0,0,16,14,30,3,1,6,3,0,0,2,1,14,0,30
"847",43001,2002,5,3,70,30,11.4,0,2,23,5,30,0,0,2,0,1,13,8,1,5,0,30
"849",43001,2002,6,3,82,30,10.4,0,3,26,1,30,0,0,8,5,0,10,6,0,1,0,30
"851",43001,2002,7,3,80,31,20.4,0,19,12,0,31,0,0,0,0,0,26,5,0,0,0,31
"853",43001,2002,8,3,87,31,15.2,0,13,16,2,31,0,0,1,1,0,15,10,2,2,0,31
"855",43001,2002,9,3,81,30,6.8,0,1,25,4,30,0,0,11,4,0,3,6,2,4,0,30
"857",43001,2002,10,3,70,31,3.5,0,0,22,9,31,0,0,19,2,0,0,0,1,9,0,31
"859",43001,2002,11,3,57,30,3.7,0,0,21,9,30,1,3,13,4,0,0,0,0,9,0,30
"861",43001,2002,12,3,63,31,4.6,0,0,23,8,31,2,2,18,1,0,0,0,0,8,0,31
"863",43001,2003,1,3,62,31,3.1,0,0,17,14,31,5,6,5,1,0,0,0,0,14,0,31
"865",43001,2003,2,3,68,28,4.2,0,0,21,7,28,5,2,14,0,0,0,0,0,7,0,28
"867",43001,2003,3,3,58,31,3.3,0,0,20,11,31,2,0,18,0,0,0,0,0,11,0,31
"869",43001,2003,4,3,70,30,2.4,0,0,12,18,30,2,0,4,2,1,1,1,1,18,0,30
"871",43001,2003,5,3,71,31,8.9,0,1,23,7,31,0,0,1,1,0,14,7,1,7,0,31
"873",43001,2003,6,3,83,30,8.4,0,2,23,5,30,0,0,3,3,4,11,4,0,5,0,30
"875",43001,2003,7,3,90,31,11.9,0,7,23,1,31,0,0,2,6,5,16,1,0,1,0,31
"877",43001,2003,8,3,87,31,12.8,0,10,17,4,31,0,1,2,1,1,14,7,1,4,0,31
"879",43001,2003,9,3,85,30,8.1,0,2,22,6,30,0,0,9,2,0,5,6,1,6,1,30
"881",43001,2003,10,3,68,31,2.2,0,0,14,17,31,0,0,13,0,0,1,0,0,17,0,31
"883",43001,2003,11,3,65,30,3.3,0,0,16,14,30,1,2,13,0,0,0,0,0,14,0,30
"885",43001,2003,12,3,64,31,3.5,0,0,18,13,31,5,1,12,0,0,0,0,0,13,0,31
"887",43001,2004,1,3,70,31,3.9,0,0,21,10,31,3,0,17,1,0,0,0,0,10,0,31
"889",43001,2004,2,3,59,29,3.6,0,0,18,11,29,4,2,11,1,0,0,0,0,11,0,29
"891",43001,2004,3,3,58,31,2,0,0,13,18,31,2,0,7,3,1,0,0,0,18,0,31
"893",43001,2004,4,3,74,30,1.2,0,0,7,23,30,0,0,1,2,0,2,2,0,23,0,30
"895",43001,2004,5,3,67,31,7.7,0,0,22,9,31,0,0,1,1,2,9,7,2,9,0,31
"897",43001,2004,6,3,78,30,8.8,0,2,23,5,30,0,0,3,6,0,13,3,0,5,0,30
"899",43001,2004,7,3,86,31,8,0,2,20,9,31,0,0,0,3,2,13,4,0,9,0,31
"901",43001,2004,8,3,89,31,17.8,0,13,16,2,31,0,0,0,0,0,16,11,2,2,0,31
"903",43001,2004,9,3,84,30,3.8,0,1,13,16,30,0,0,5,2,0,0,5,2,16,0,30
"905",43001,2004,10,3,67,31,2.9,0,0,18,13,31,0,1,12,5,0,0,0,0,13,0,31
"907",43001,2004,11,3,62,30,2.5,0,0,14,16,30,0,0,13,1,0,0,0,0,16,0,30
"909",43001,2004,12,3,65,31,2.7,0,0,16,15,31,0,1,13,2,0,0,0,0,15,0,31
"911",43001,2005,1,3,65,31,2,0,0,11,20,31,3,2,5,1,0,0,0,0,20,0,31
"913",43001,2005,2,3,62,28,2.1,0,1,9,18,28,1,1,6,1,0,0,0,1,18,0,28
"915",43001,2005,3,3,67,31,0.8,0,0,5,26,31,1,0,2,1,0,0,0,1,26,0,31
"917",43001,2005,4,3,63,30,1,0,0,7,23,30,0,0,7,0,0,0,0,0,23,0,30
"919",43001,2005,5,3,71,31,2.6,0,0,14,17,31,0,0,0,0,0,6,5,3,17,0,31
"921",43001,2005,6,3,78,30,9.4,0,5,18,7,30,0,0,1,3,0,8,9,2,7,0,30
"923",43001,2005,7,3,87,31,16.1,0,15,11,5,31,1,0,0,0,0,13,10,2,5,0,31
"925",43001,2005,8,3,86,31,12.2,0,9,13,9,31,0,0,1,0,0,12,9,0,9,0,31
"927",43001,2005,10,3,70,31,0.7,0,0,5,26,31,0,0,3,1,0,0,0,1,26,0,31
"929",43001,2005,11,3,60,27,1.7,0,0,14,13,27,1,0,8,4,0,0,0,0,14,0,27
"931",43001,2006,1,3,63,31,2.7,0,0,15,16,31,5,4,4,2,0,0,0,0,16,0,31
"933",43001,2006,2,3,61,28,2,0,0,11,17,28,1,1,9,0,0,0,0,0,17,0,28
"935",43001,2006,3,3,67,30,3.2,0,0,15,15,30,2,0,9,2,0,0,0,0,15,2,30
"937",43001,2006,4,3,74,30,2.8,0,1,12,17,30,0,0,6,1,0,0,4,2,17,0,30
"939",43001,2006,5,3,72,31,7.3,0,1,17,13,31,0,0,0,0,0,5,11,2,13,0,31
"941",43001,2006,6,3,80,29,7.3,0,2,16,11,29,0,0,2,3,0,5,6,2,11,0,29
"943",43001,2006,7,3,88,31,18.6,0,13,17,1,31,0,0,1,2,1,16,10,0,1,0,31
"945",43001,2006,8,3,89,31,20,0,18,13,0,31,0,0,0,0,2,14,14,1,0,0,31
"947",43001,2006,9,3,88,30,6.4,0,1,23,6,30,1,1,4,10,1,0,2,5,6,0,30
"949",43001,2006,10,3,73,29,2.5,0,0,17,12,29,0,0,12,3,0,0,1,1,12,0,29
"951",43001,2006,11,3,61,30,3.8,0,0,21,9,30,2,2,11,5,0,0,0,1,9,0,30
"953",43001,2006,12,3,71,29,3.5,0,0,23,6,29,1,3,15,4,0,0,0,0,6,0,29
"955",43001,2007,1,3,65,29,2.5,0,0,15,14,29,5,2,6,1,0,0,0,0,14,1,29
"957",43001,2007,2,3,72,28,4.7,0,0,26,2,28,1,0,23,2,0,0,0,0,2,0,28
"959",43001,2007,3,3,61,30,3.8,0,0,24,6,30,4,3,13,3,0,0,0,1,6,0,30
"961",43001,2007,4,3,72,29,3.4,0,0,24,5,29,2,1,10,10,0,0,0,0,5,1,29
"963",43001,2007,5,3,70,30,8.1,0,0,27,3,30,0,0,2,2,1,6,14,2,3,0,30
"965",43001,2007,6,3,81,30,7.8,0,2,26,2,30,0,0,6,10,0,5,6,0,2,1,30
"967",43001,2007,7,3,87,29,12.4,0,7,22,0,29,0,0,4,5,3,12,5,0,0,0,29
"969",43001,2007,8,3,90,30,13.6,0,9,20,1,30,0,0,4,3,1,13,6,1,1,1,30
"971",43001,2007,9,3,90,27,6.3,0,1,23,3,27,0,0,12,8,0,2,1,1,3,0,27
"973",43001,2007,10,3,69,29,4.5,0,0,24,5,29,0,2,20,2,0,0,0,0,5,0,29
"975",43001,2007,11,3,65,30,3.6,0,0,24,6,30,2,1,18,2,0,0,0,0,6,1,30
"977",43001,2007,12,3,65,31,3.6,0,0,22,9,31,4,4,12,1,0,0,0,0,9,1,31
"979",43001,2008,1,3,65,31,4,0,0,24,7,31,6,3,15,0,0,0,0,0,7,0,31
"981",43001,2008,2,3,58,28,2.8,0,0,17,11,28,6,3,8,0,0,0,0,0,11,0,28
"983",43001,2008,3,3,71,31,3.2,0,0,21,10,31,0,0,18,3,0,0,0,0,10,0,31
"985",43001,2008,4,3,67,30,3.5,0,0,24,6,30,1,2,17,2,0,0,1,0,6,1,30
"987",43001,2008,5,3,71,31,7.9,0,0,31,0,31,0,1,3,1,0,11,12,1,0,2,31
"989",43001,2008,6,3,85,30,10.2,0,3,24,3,30,0,0,2,3,2,16,2,0,3,2,30
"991",43001,2008,7,3,88,30,12.4,0,5,24,1,30,0,0,2,0,0,17,8,1,1,1,30
"993",43001,2008,8,3,89,29,14.9,0,10,18,1,29,0,0,5,2,0,11,9,1,1,0,29
"995",43001,2008,9,3,88,30,7.9,0,3,24,3,30,1,1,13,5,0,4,2,1,3,0,30
"997",43001,2008,10,3,68,31,4.7,0,0,26,5,31,1,1,22,2,0,0,0,0,5,0,31
"999",43001,2008,11,3,65,29,2.8,0,0,20,9,29,3,3,13,1,0,0,0,0,9,0,29
"1001",43001,2008,12,3,70,28,4.5,0,0,24,4,28,3,3,13,5,0,0,0,0,4,0,28
"1003",43058,1989,1,3,74,31,5.4,0,0,27,4,31,4,10,7,6,0,0,0,0,4,0,31
"1005",43058,1989,2,3,71,28,3.2,0,0,20,8,28,4,13,2,1,0,0,0,0,8,0,28
"1007",43058,1989,3,3,80,31,3,0,0,17,14,31,3,7,4,2,0,0,0,1,14,0,31
"1009",43058,1989,4,3,76,30,3.4,0,0,17,13,30,1,2,5,6,0,2,0,0,13,1,30
"1011",43058,1989,5,3,74,31,6.2,0,1,19,11,31,3,0,2,3,2,5,1,2,11,2,31
"1013",43058,1989,6,3,84,30,15.5,0,9,19,2,30,0,2,3,7,4,10,0,0,2,2,30
"1015",43058,1989,7,3,89,31,19,2,11,14,4,31,0,0,1,4,0,13,2,3,4,4,31
"1017",43058,1989,8,3,90,31,15.1,0,9,21,1,31,1,1,1,2,0,9,3,7,1,6,31
"1019",43058,1989,9,3,89,30,4.6,0,0,23,7,30,2,1,5,7,1,2,0,3,7,2,30
"1021",43058,1989,10,3,86,31,2.4,0,0,18,13,31,2,7,5,2,0,0,0,2,13,0,31
"1023",43058,1989,11,3,77,30,3.2,0,0,17,13,30,1,5,6,5,0,0,0,0,13,0,30
"1025",43058,1989,12,3,70,31,4.7,0,0,26,5,31,2,11,9,4,0,0,0,0,5,0,31
"1027",43058,1990,1,3,72,31,3.2,0,0,24,7,31,1,10,10,3,0,0,0,0,7,0,31
"1029",43058,1990,2,3,71,28,4,0,0,25,3,28,1,15,4,4,1,0,0,0,3,0,28
"1031",43058,1990,3,3,77,31,3.8,0,0,22,9,31,0,11,6,5,0,0,0,0,9,0,31
"1033",43058,1990,4,3,80,30,2.3,0,0,13,17,30,1,4,2,4,1,0,0,1,17,0,30
"1035",43058,1990,5,3,78,31,8.3,0,2,23,6,31,1,0,5,6,4,5,2,1,6,1,31
"1037",43058,1990,6,3,85,30,16.3,0,12,17,1,30,0,3,1,8,1,3,9,3,1,1,30
"1039",43058,1990,7,3,87,31,21,0,19,12,0,31,0,0,0,1,1,15,6,0,0,8,31
"1041",43058,1990,8,3,91,31,17.8,0,12,19,0,31,1,0,1,0,1,7,9,6,0,6,31
"1043",43058,1990,9,3,91,30,10.1,0,2,26,2,30,0,0,12,2,0,9,3,1,2,1,30
"1045",43058,1990,10,3,84,31,7,0,1,29,1,31,0,10,9,8,2,0,0,1,1,0,31
"1047",43058,1990,11,3,76,30,4.2,0,0,22,8,30,2,5,12,3,0,0,0,0,8,0,30
"1049",43058,1990,12,3,72,31,5.3,0,0,24,7,31,0,10,11,2,0,0,0,1,7,0,31
"1051",43058,1991,1,3,73,30,4.5,0,0,27,3,30,5,9,11,2,0,0,0,0,3,0,30
"1053",43058,1991,2,3,77,28,4.1,0,0,25,3,28,4,15,4,2,0,0,0,0,3,0,28
"1055",43058,1991,3,3,85,31,3.6,0,0,27,4,31,2,13,11,1,0,0,0,0,4,0,31
"1057",43058,1991,4,3,81,29,3.1,0,0,19,10,29,0,8,5,6,0,0,0,0,10,0,29
"1059",43058,1991,5,3,79,31,3.4,0,0,18,13,31,1,2,1,5,1,0,0,6,13,2,31
"1061",43058,1991,6,3,87,30,12.6,0,7,18,5,30,1,0,0,5,1,5,2,9,5,2,30
"1063",43058,1991,7,3,90,31,21.6,1,18,11,1,31,0,1,1,2,0,11,6,3,1,6,31
"1065",43058,1991,8,3,87,31,16.9,0,14,17,0,31,0,0,0,1,0,9,3,6,0,12,31
"1067",43058,1991,9,3,88,30,6.7,0,1,21,8,30,0,3,6,8,0,1,1,2,8,1,30
"1069",43058,1991,10,3,80,31,3.8,0,0,23,8,31,0,10,8,4,0,0,0,1,8,0,31
"1071",43058,1991,11,3,75,30,4.2,0,0,27,3,30,0,13,11,3,0,0,0,0,3,0,30
"1073",43058,1991,12,3,75,31,5.4,0,0,30,1,31,0,9,12,9,0,0,0,0,1,0,31
"1075",43058,1992,1,3,73,31,3.9,0,0,26,5,31,1,5,8,12,0,0,0,0,5,0,31
"1077",43058,1992,2,3,75,29,4.4,0,0,29,0,29,1,14,9,5,0,0,0,0,0,0,29
"1079",43058,1992,3,3,83,31,2.1,0,0,19,12,31,2,8,3,6,0,0,0,0,12,0,31
"1081",43058,1992,4,3,81,30,3.3,0,0,23,7,30,5,9,4,3,1,0,0,1,7,0,30
"1083",43058,1992,5,3,75,31,6,0,0,28,3,31,2,3,1,8,3,6,2,2,3,1,31
"1085",43058,1992,6,3,80,30,12.6,0,7,22,1,30,3,1,0,4,0,10,0,7,1,4,30
"1087",43058,1992,7,3,88,31,14.9,0,10,20,1,31,0,0,0,6,1,12,5,2,1,4,31
"1089",43058,1992,8,3,91,31,10.2,0,4,25,2,31,0,0,0,8,0,7,2,2,2,10,31
"1091",43058,1992,9,3,89,30,7.2,0,2,23,5,30,1,4,5,4,1,7,1,0,5,2,30
"1093",43058,1992,10,3,87,31,5,0,0,28,3,31,0,8,13,5,0,1,0,1,3,0,31
"1095",43058,1992,11,3,72,30,4.2,0,0,27,3,30,0,8,14,5,0,0,0,0,3,0,30
"1097",43058,1992,12,3,76,31,4.5,0,0,26,5,31,0,3,12,10,0,0,0,1,5,0,31
"1099",43058,1993,1,3,73,31,4.3,0,0,28,3,31,0,16,5,7,0,0,0,0,3,0,31
"1101",43058,1993,2,3,68,28,4,0,0,25,3,28,2,8,10,5,0,0,0,0,3,0,28
"1103",43058,1993,3,3,78,31,3.5,0,0,25,6,31,0,4,17,3,0,1,0,0,6,0,31
"1105",43058,1993,4,3,82,30,2,0,0,15,15,30,1,4,3,4,1,0,0,1,15,1,30
"1107",43058,1993,5,3,79,31,5.4,0,2,18,11,31,0,0,1,4,1,7,1,5,11,1,31
"1109",43058,1993,6,3,87,30,13.3,0,8,18,4,30,1,0,1,5,1,12,1,5,4,0,30
"1111",43058,1993,7,3,88,31,20.9,0,16,15,0,31,0,0,0,4,0,10,5,7,0,5,31
"1113",43058,1993,8,3,87,31,15.1,0,8,23,0,31,1,0,1,2,1,12,5,4,0,5,31
"1115",43058,1993,9,3,89,30,9.4,0,1,26,3,30,2,1,3,10,1,1,1,6,3,2,30
"1117",43058,1993,10,3,87,31,2.5,0,0,14,17,31,0,5,5,3,1,0,0,0,17,0,31
"1119",43058,1993,11,3,72,30,4.2,0,0,22,8,30,0,7,13,1,0,1,0,0,8,0,30
"1121",43058,1993,12,3,74,31,4.1,0,0,28,3,31,0,5,14,9,0,0,0,0,3,0,31
"1123",43058,1994,1,3,76,31,5.2,0,0,30,1,31,1,7,14,8,0,0,0,0,1,0,31
"1125",43058,1994,2,3,78,28,5.7,0,0,27,1,28,1,11,12,3,0,0,0,0,1,0,28
"1127",43058,1994,3,3,82,31,4.7,0,1,27,3,31,2,4,10,11,0,1,0,0,3,0,31
"1129",43058,1994,4,3,78,30,3.2,0,0,21,9,30,1,9,3,7,1,0,0,0,9,0,30
"1131",43058,1994,5,3,76,31,5.7,0,0,25,6,31,4,4,2,3,1,4,1,5,6,1,31
"1133",43058,1994,6,3,85,30,13.1,0,9,20,1,30,0,2,0,4,3,9,4,1,1,6,30
"1135",43058,1994,7,3,88,31,24.7,2,13,16,0,31,0,0,1,1,0,21,6,0,0,2,31
"1137",43058,1994,8,3,88,31,21.3,0,20,11,0,31,0,0,1,0,0,25,5,0,0,0,31
"1139",43058,1994,9,3,89,30,12.9,0,9,18,3,30,0,1,4,10,0,10,1,0,3,1,30
"1141",43058,1994,10,3,84,31,3.6,0,0,21,10,31,0,1,18,2,0,0,0,0,10,0,31
"1143",43058,1994,11,3,74,30,3.6,0,0,25,5,30,1,3,13,6,1,0,0,1,5,0,30
"1145",43058,1994,12,3,74,31,4,0,0,28,3,31,0,6,16,6,0,0,0,0,3,0,31
"1147",43058,1995,1,3,75,31,4.5,0,0,26,5,31,0,5,15,6,0,0,0,0,5,0,31
"1149",43058,1995,2,3,80,28,4.9,0,0,25,3,28,1,8,13,3,0,0,0,0,3,0,28
"1151",43058,1995,3,3,77,31,4.7,0,0,28,3,31,4,7,13,3,0,0,0,1,3,0,31
"1153",43058,1995,4,3,75,30,5.6,0,1,25,4,30,4,3,7,5,0,0,0,6,4,1,30
"1155",43058,1995,5,3,75,31,8.2,0,2,29,0,31,1,3,2,5,2,4,3,7,0,4,31
"1157",43058,1995,6,3,82,30,10,0,1,28,1,30,0,2,0,7,2,11,1,3,1,3,30
"1159",43058,1995,7,3,87,31,18.3,0,11,20,0,31,0,0,3,3,0,14,3,1,0,7,31
"1161",43058,1995,8,3,87,31,11.2,0,5,25,1,31,0,4,1,5,0,7,2,4,1,7,31
"1163",43058,1995,9,3,89,30,7.5,0,0,29,1,30,0,4,6,13,0,2,1,2,1,1,30
"1165",43058,1995,10,3,84,31,4.3,0,0,27,4,31,3,3,12,9,0,0,0,0,4,0,31
"1167",43058,1995,11,3,77,30,4.8,0,0,29,1,30,0,3,18,8,0,0,0,0,1,0,30
"1169",43058,1995,12,3,79,31,3.8,0,0,27,4,31,1,3,17,6,0,0,0,0,4,0,31
"1171",43058,1996,1,3,82,31,4.4,0,0,29,2,31,1,7,19,2,0,0,0,0,2,0,31
"1173",43058,1996,2,3,76,29,6.4,0,0,28,1,29,5,10,13,0,0,0,0,0,1,0,29
"1175",43058,1996,3,3,82,31,6.1,0,0,24,7,31,2,13,5,3,1,0,0,0,7,0,31
"1177",43058,1996,4,3,81,30,5.2,0,0,24,6,30,3,11,4,4,2,0,0,0,6,0,30
"1179",43058,1996,5,3,78,31,9.2,0,0,28,3,31,4,6,0,5,0,3,1,9,3,0,31
"1181",43058,1996,6,3,84,30,22.2,1,13,15,1,30,0,2,1,8,3,12,2,1,1,0,30
"1183",43058,1996,7,3,90,31,10.2,0,4,26,1,31,0,0,1,7,3,5,1,1,1,12,31
"1185",43058,1996,8,3,87,31,12.8,0,7,21,3,31,4,1,0,1,0,8,2,3,3,9,31
"1187",43058,1996,9,3,90,30,6.2,0,0,28,2,30,1,4,8,13,0,1,0,1,2,0,30
"1189",43058,1996,10,3,82,31,8.1,0,3,24,4,31,6,6,6,7,2,0,0,0,4,0,31
"1191",43058,1996,11,3,79,30,6.4,0,0,29,1,30,0,3,23,3,0,0,0,0,1,0,30
"1193",43058,1996,12,3,75,31,5.4,0,0,30,1,31,1,5,18,6,0,0,0,0,1,0,31
"1195",43058,1997,1,3,76,31,5.6,0,0,31,0,31,1,6,23,1,0,0,0,0,0,0,31
"1197",43058,1997,2,3,80,28,6.2,0,0,27,1,28,1,14,10,2,0,0,0,0,1,0,28
"1199",43058,1997,3,3,77,31,3.6,0,0,26,5,31,4,1,14,7,0,0,0,0,5,0,31
"1201",43058,1997,4,3,77,30,5.4,0,0,29,1,30,0,8,14,5,1,1,0,0,1,0,30
"1203",43058,1997,5,3,73,31,4.4,0,0,24,7,31,3,2,5,8,0,2,0,4,7,0,31
"1205",43058,1997,6,3,85,30,11,0,6,17,7,30,0,0,4,4,0,10,1,0,7,4,30
"1207",43058,1997,7,3,87,31,18.1,0,14,16,1,31,0,0,0,0,1,16,1,5,1,7,31
"1209",43058,1997,8,3,86,31,13.4,0,7,24,0,31,0,0,0,1,0,10,6,2,0,12,31
"1211",43058,1997,9,3,88,30,11.8,0,2,28,0,30,0,1,3,21,0,3,1,1,0,0,30
"1213",43058,1997,10,3,83,31,7.3,0,0,29,2,31,1,11,9,7,1,0,0,0,2,0,31
"1215",43058,1997,11,3,81,30,6.3,0,0,28,2,30,0,3,14,11,0,0,0,0,2,0,30
"1217",43058,1997,12,3,84,31,7.5,0,0,31,0,31,0,12,13,6,0,0,0,0,0,0,31
"1219",43058,1998,1,3,80,30,6,0,0,27,3,30,0,3,20,4,0,0,0,0,3,0,30
"1221",43058,1998,2,3,71,28,4.02912621359223,0,0.0679611650485437,21.0873786407767,6.8252427184466,0,1,5,17,4,0,0,0,0,0,1,28
"1223",43058,1998,3,3,78,31,5.4,0,0,31,0,31,2,13,13,3,0,0,0,0,0,0,31
"1225",43058,1998,4,3,80,30,5.5,0,0,29,1,30,0,10,9,5,0,0,2,3,1,0,30
"1227",43058,1998,5,3,74,31,7.1,0,0,31,0,31,2,3,4,9,3,6,0,2,0,2,31
"1229",43058,1998,6,3,82,30,11.5,0,3,27,0,30,1,5,3,6,2,4,3,1,0,5,30
"1231",43058,1998,7,3,88,31,18,0,13,17,1,31,0,2,2,4,0,15,3,2,1,2,31
"1233",43058,1998,8,3,89,30,10.1,0,6,22,2,30,1,2,3,3,1,5,4,3,2,6,30
"1235",43058,1998,9,3,90,30,7.3,0,1,27,2,30,2,6,4,6,0,2,1,4,2,3,30
"1237",43058,1998,10,3,86,31,8.3,0,2,27,2,31,0,5,10,9,1,2,0,2,2,0,31
"1239",43058,1998,11,3,83,29,4.7,0,0,27,2,29,0,5,13,9,0,0,0,0,2,0,29
"1241",43058,1998,12,3,70,31,5,0,0,29,2,31,0,2,21,6,0,0,0,0,2,0,31
"1243",43058,1999,1,3,75,31,5,0,0,31,0,31,0,5,23,3,0,0,0,0,0,0,31
"1245",43058,1999,2,3,74,28,4.1,0,0,28,0,28,1,11,9,7,0,0,0,0,0,0,28
"1247",43058,1999,3,3,76,31,4.3,0,0,29,2,31,2,13,8,5,0,0,0,0,2,1,31
"1249",43058,1999,4,3,82,30,6.7,1,0,27,2,30,0,6,12,7,1,1,0,0,2,1,30
"1251",43058,1999,5,3,78,31,5.7,0,0,31,0,31,2,1,7,11,0,4,2,3,0,1,31
"1253",43058,1999,6,3,87,30,15.6,0,7,23,0,30,0,0,1,14,1,3,1,6,0,0,26
"1255",43058,1999,7,3,87,31,25.5,0,21,10,0,31,0,0,1,2,0,7,2,3,0,0,15
"1257",43058,1999,8,3,86,31,16.8,0,12,16,3,31,0,0,2,2,0,9,2,5,3,1,24
"1259",43058,1999,9,3,88,30,9,0,0,29,1,30,1,2,7,7,0,2,1,5,1,0,26
"1261",43058,1999,10,3,84,31,4.1,0,0,26,5,31,0,8,11,7,0,0,0,0,5,0,31
"1263",43058,1999,11,3,71,30,4.9,0,0,30,0,30,1,9,16,4,0,0,0,0,0,0,30
"1265",43058,1999,12,3,69,30,4.4,0,0,28,2,30,0,4,18,6,0,0,0,0,2,0,30
"1267",43058,2000,1,3,73,31,5.2,0,0,31,0,31,0,11,13,5,0,2,0,0,0,0,31
"1269",43058,2000,2,3,76,29,6.1,0,0,28,1,29,0,10,10,8,0,0,0,0,1,0,29
"1271",43058,2000,3,3,76,31,4.7,0,0,31,0,31,0,9,18,4,0,0,0,0,0,0,31
"1273",43058,2000,4,3,79,30,4.3,0,0,28,2,30,2,4,10,6,1,1,0,4,2,0,30
"1275",43058,2000,5,3,79,31,7.6,0,2,27,2,31,1,1,4,9,7,7,0,0,2,0,31
"1277",43058,2000,6,3,85,30,13.1,0,8,17,5,30,0,0,4,3,0,6,2,3,5,0,23
"1279",43058,2000,7,3,85,31,20.1,0,14,16,1,31,0,0,0,0,1,10,5,3,1,0,20
"1281",43058,2000,8,3,86,31,16.4,0,14,14,3,31,0,1,0,2,1,6,2,8,3,1,24
"1283",43058,2000,9,3,85,30,8.9,0,2,24,4,30,0,7,4,5,0,2,1,2,4,1,26
"1285",43058,2000,10,3,85,31,5.2,0,0,31,0,31,0,4,19,7,0,1,0,0,0,0,31
"1287",43058,2000,11,3,76,30,4,0,0,28,2,30,0,0,21,7,0,0,0,0,2,0,30
"1289",43058,2000,12,3,66,31,5,0,0,31,0,31,0,2,13,16,0,0,0,0,0,0,31
"1291",43058,2001,1,3,75,31,3.7,0,0,30,1,31,0,16,8,6,0,0,0,0,1,0,31
"1293",43058,2001,2,3,80,28,4.8,0,0,27,1,28,0,23,3,1,0,0,0,0,1,0,28
"1295",43058,2001,3,3,84,31,5.2,0,0,27,4,31,0,9,11,7,0,0,0,0,4,0,31
"1297",43058,2001,4,3,79,30,3.4,0,0,22,8,30,0,7,6,7,0,0,0,1,8,1,30
"1299",43058,2001,5,3,76,30,8.4,0,2,25,3,30,1,6,2,9,6,1,0,1,3,0,29
"1301",43058,2001,6,3,82,30,21.2,2,10,17,1,30,0,0,1,4,1,16,2,0,1,0,25
"1303",43058,2001,7,3,86,31,21.9,0,17,13,1,31,0,0,0,0,1,14,2,0,1,0,18
"1305",43058,2001,8,3,87,30,17.5,0,10,19,1,30,0,0,0,0,1,7,2,5,1,1,17
"1307",43058,2001,9,3,87,30,7.4,0,1,27,2,30,0,3,9,12,0,1,0,3,2,0,30
"1309",43058,2001,10,3,82,31,6,0,0,29,2,31,2,5,9,8,1,1,0,3,2,0,31
"1311",43058,2001,11,3,71,30,4.2,0,0,28,2,30,0,5,11,12,0,0,0,0,2,0,30
"1313",43058,2001,12,3,72,30,3.2,0,0,29,1,30,0,6,15,8,0,0,0,0,1,0,30
"1315",43058,2002,1,3,69,31,4.7,0,0,31,0,31,0,6,18,7,0,0,0,0,0,0,31
"1317",43058,2002,2,3,69,28,4.9,0,0,26,2,28,1,10,10,4,1,0,0,0,2,0,28
"1319",43058,2002,3,3,73,31,4,0,0,28,3,31,3,9,9,4,2,0,0,1,3,0,31
"1321",43058,2002,4,3,78,30,2.9,0,1,18,11,30,0,2,10,6,1,0,0,0,11,0,30
"1323",43058,2002,5,3,75,31,9.2,0,3,22,6,31,2,0,0,1,1,4,5,8,6,1,28
"1325",43058,2002,6,3,83,30,13.3,0,7,21,2,30,1,1,1,5,3,5,2,5,2,1,26
"1327",43058,2002,7,3,84,31,21.4,0,20,11,0,31,0,0,0,0,0,11,9,5,0,1,26
"1329",43058,2002,8,3,88,31,21,0,18,13,0,31,1,0,2,3,0,11,6,8,0,0,31
"1331",43058,2002,9,3,88,30,8.6,0,2,27,1,30,1,1,9,13,0,0,0,5,1,0,30
"1333",43058,2002,10,3,79,31,4.1,0,0,26,5,31,1,3,12,9,1,0,0,0,5,0,31
"1335",43058,2002,11,3,75,30,3.7,0,0,25,5,30,0,6,12,7,0,0,0,0,5,0,30
"1337",43058,2002,12,3,75,31,4.6,0,0,30,1,31,0,8,15,7,0,0,0,0,1,0,31
"1339",43058,2003,1,3,75,31,3.6,0,0,27,4,31,2,7,11,6,1,0,0,0,4,0,31
"1341",43058,2003,2,3,81,28,4.1,0,0,25,3,28,0,12,10,3,0,0,0,0,3,0,28
"1343",43058,2003,3,3,75,31,4.6,0,0,30,1,31,0,17,11,2,0,0,0,0,1,0,31
"1345",43058,2003,4,3,77,30,3.5,0,0,21,9,30,4,8,3,4,1,1,0,0,9,0,30
"1347",43058,2003,5,3,75,31,7.8,0,1,29,1,31,2,3,4,4,2,0,3,11,1,1,31
"1349",43058,2003,6,3,85,30,13.2,0,7,22,1,30,0,1,2,5,5,9,3,3,1,1,30
"1351",43058,2003,7,3,88,31,20,0,14,17,0,31,0,0,2,7,5,11,3,1,0,0,29
"1353",43058,2003,8,3,85,31,19.4,0,16,15,0,31,1,1,1,2,2,12,5,7,0,0,31
"1355",43058,2003,9,3,88,30,12.4,0,7,22,1,30,0,2,8,8,0,3,1,7,1,0,30
"1357",43058,2003,10,3,80,31,6.2,0,0,28,3,31,0,6,15,3,0,2,0,2,3,0,31
"1359",43058,2003,11,3,75,30,3.6,0,0,28,2,30,0,11,14,3,0,0,0,0,2,0,30
"1361",43058,2003,12,3,73,31,3.7,0,0,30,1,31,0,7,20,3,0,0,0,0,1,0,31
"1363",43058,2004,1,3,76,31,4.5,0,0,31,0,31,2,12,10,6,0,0,1,0,0,0,31
"1365",43058,2004,2,3,71,29,3.8,0,0,28,1,29,4,16,8,0,0,0,0,0,1,0,29
"1367",43058,2004,3,3,76,31,5.6,0,0,30,1,31,1,16,9,3,0,0,0,1,1,0,31
"1369",43058,2004,4,3,82,30,4.7,0,0,28,2,30,2,12,9,4,1,0,0,0,2,0,30
"1371",43058,2004,5,3,77,31,6.7,0,0,29,2,31,2,5,8,8,0,4,1,1,2,0,31
"1373",43058,2004,6,3,85,30,18.9,0,14,16,0,30,0,1,1,6,2,13,2,5,0,0,30
"1375",43058,2004,7,3,88,31,17.6,0,13,18,0,31,0,3,2,4,0,17,3,2,0,0,31
"1377",43058,2004,8,3,86,31,27.2,0,27,4,0,31,0,0,0,0,0,20,8,2,0,0,30
"1379",43058,2004,9,3,89,30,7,0,1,28,1,30,1,7,6,7,1,1,2,3,1,1,30
"1381",43058,2004,10,3,79,31,5.3,0,0,25,6,31,0,8,10,7,0,0,0,0,6,0,31
"1383",43058,2004,11,3,75,30,4.1,0,0,25,5,30,0,10,13,2,0,0,0,0,5,0,30
"1385",43058,2004,12,3,72,31,6.5,0,0,26,1,27,0,11,18,1,0,0,0,0,1,0,31
"1387",43058,2005,1,3,73,31,7.2,0,0,29,2,31,0,16,12,1,0,0,0,0,2,0,31
"1389",43058,2005,2,3,74,28,6.4,0,0,28,0,28,1,20,6,0,0,0,0,0,0,1,28
"1391",43058,2005,3,3,78,31,5,0,0,30,1,31,0,22,5,0,0,2,0,0,1,1,31
"1393",43058,2005,4,3,77,30,3.8,0,0,23,7,30,1,10,9,2,0,1,0,0,7,0,30
"1395",43058,2005,5,3,76,31,3.6,0,0,28,3,31,2,6,6,3,5,1,1,4,3,0,31
"1397",43058,2005,6,3,83,30,14.9,0,9,17,4,30,4,2,0,4,1,8,1,4,4,2,30
"1399",43058,2005,7,3,86,31,23.2,0,18,12,0,30,0,2,3,1,0,15,2,5,0,3,31
"1401",43058,2005,8,3,87,31,23.7,0,20,11,0,31,0,0,3,3,0,15,3,7,0,0,31
"1403",43058,2005,10,3,84,31,5.9,0,0,26,5,31,0,10,12,3,0,1,0,0,5,0,31
"1405",43058,2005,11,3,73,28,5.7,0,0,28,0,28,0,9,16,2,0,1,0,0,0,0,28
"1407",43058,2005,12,3,75,30,5,0,0,30,0,30,0,13,16,1,0,0,0,0,0,0,30
"1409",43058,2006,1,3,71,31,5.4,0,0,30,1,31,1,12,15,2,0,0,0,0,1,0,31
"1411",43058,2006,2,3,73,28,5.2,0,0,28,0,28,2,11,13,2,0,0,0,0,0,0,28
"1413",43058,2006,3,3,80,31,5.4,0,0,30,1,31,0,15,14,1,0,0,0,0,1,0,31
"1415",43058,2006,4,3,85,30,4.8,0,0,28,2,30,2,13,10,2,0,0,0,0,2,1,30
"1417",43058,2006,5,3,81,30,5.8,0,1,27,2,30,1,13,5,4,1,1,1,2,2,0,30
"1419",43058,2006,6,3,87,29,10.8,0,4,25,0,29,0,2,7,13,0,5,0,1,0,1,29
"1421",43058,2006,7,3,89,30,31.2,0,29,1,0,30,0,0,0,0,0,29,1,0,0,0,30
"1423",43058,2006,8,3,87,31,26.8,0,26,5,0,31,0,0,0,0,0,29,0,1,0,1,31
"1425",43058,2006,9,3,89,30,8,0,5,23,2,30,2,3,7,9,1,2,1,3,2,0,30
"1427",43058,2006,10,3,82,31,4.7,0,1,23,7,31,0,7,12,2,1,0,0,2,7,0,31
"1429",43058,2006,11,3,75,30,4,0,0,23,7,30,0,13,6,3,0,0,1,0,7,0,30
"1431",43058,2006,12,3,76,31,6.4,0,0,31,0,31,0,15,14,2,0,0,0,0,0,0,31
"1433",43058,2007,1,3,75,30,6,0,0,30,0,30,1,17,10,2,0,0,0,0,0,0,30
"1435",43058,2007,2,3,78,27,7,0,0,27,0,27,0,11,12,4,0,0,0,0,0,0,27
"1437",43058,2007,4,3,83,29,5.9,0,0,28,1,29,1,9,11,5,1,1,0,0,1,0,29
"1439",43058,2007,5,3,76,29,4.4,0,0,29,0,29,0,1,6,5,6,1,0,10,0,0,29
"1441",43058,2007,6,3,84,30,11.9,0,5,25,0,30,0,2,3,14,0,6,1,3,0,1,30
"1443",43058,2007,7,3,87,30,22.2,0,18,12,0,30,0,1,3,3,1,20,1,0,0,1,30
"1445",43058,2007,8,3,88,31,21.8,0,19,12,0,31,0,0,4,4,0,21,1,0,0,1,31
"1447",43058,2007,9,3,89,30,13.5,0,8,22,0,30,0,3,10,7,0,8,0,1,0,1,30
"1449",43058,2007,10,3,81,31,5.2,0,0,30,1,31,0,16,11,2,1,0,0,0,1,0,31
"1451",43058,2007,11,3,76,30,6.2,0,0,30,0,30,0,19,10,1,0,0,0,0,0,0,30
"1453",43058,2007,12,3,74,31,6,0,0,31,0,31,1,20,8,2,0,0,0,0,0,0,31
"1455",43058,2008,1,3,78,31,5.8,0,0,31,0,31,0,23,7,1,0,0,0,0,0,0,31
"1457",43058,2008,2,3,77,29,5.6,0,0,29,0,29,0,20,8,1,0,0,0,0,0,0,29
"1459",43058,2008,3,3,82,30,6,0,0,30,0,30,0,21,8,1,0,0,0,0,0,0,30
"1461",43058,2008,4,3,81,30,6.4,0,1,28,1,30,0,14,9,5,0,0,0,1,1,0,30
"1463",43058,2008,5,3,76,31,7.9,0,1,30,0,31,1,4,9,5,0,3,1,7,0,1,31
"1465",43058,2008,6,3,84,28,24.4,0,19,8,0,27,0,0,0,5,4,16,2,0,0,1,28
"1467",43058,2008,7,3,90,31,24.6,0,22,9,0,31,0,0,2,1,0,21,1,1,0,5,31
"1469",43058,2008,8,3,93,31,12.5,0,6,24,1,31,0,3,4,1,0,5,3,3,1,11,31
"1471",43058,2008,9,3,90,30,9,0,3,27,0,30,0,5,14,3,1,2,0,1,0,4,30
"1473",43058,2008,11,3,76,30,4.7,0,0,28,2,30,0,17,8,3,0,0,0,0,2,0,30
"1475",43058,2008,12,3,77,29,6.7,0,0,29,0,29,0,12,16,1,0,0,0,0,0,0,29
"1477",43110,1988,1,3,68,30,6,0,0,25,5,30,0,1,18,6,0,0,0,0,5,0,30
"1479",43110,1988,2,3,73,29,5.3,0,0,24,5,29,3,10,5,4,0,0,0,2,5,0,29
"1481",43110,1988,3,3,77,30,6.2,0,0,27,3,30,10,11,2,1,1,0,0,2,3,0,30
"1483",43110,1988,4,3,77,30,4.6,0,0,22,8,30,2,3,4,7,3,0,0,3,8,0,30
"1485",43110,1988,5,3,75,31,6.3,0,0,28,3,31,4,2,0,0,1,3,0,18,3,0,31
"1487",43110,1988,6,3,87,30,6.4,0,1,27,2,30,0,1,3,8,5,6,2,3,2,0,30
"1489",43110,1988,7,3,91,31,5.8,0,0,20,11,31,0,0,1,3,0,2,13,1,11,0,31
"1491",43110,1988,8,3,93,31,4.7,0,0,23,8,31,0,3,2,2,1,0,15,0,8,0,31
"1493",43110,1988,9,3,91,29,3.3,0,0,20,9,29,2,0,3,8,1,0,6,0,9,0,29
"1495",43110,1988,10,3,73,31,3.1,0,0,21,10,31,1,6,5,5,2,0,0,2,10,0,31
"1497",43110,1988,11,3,54,30,4.4,0,0,27,3,30,0,11,9,5,1,0,0,1,3,0,30
"1499",43110,1988,12,3,56,31,4.5,0,0,25,6,31,0,6,14,5,0,0,0,0,6,0,31
"1501",43110,1989,1,3,66,31,2.4,0,0,15,16,31,0,2,8,3,0,0,1,1,16,0,31
"1503",43110,1989,2,3,50,28,2.2,0,0,11,17,28,5,1,5,0,0,0,0,0,17,0,28
"1505",43110,1989,3,3,68,31,2.7,0,0,19,12,31,5,3,4,2,1,1,0,3,12,0,31
"1507",43110,1989,4,3,73,30,2.8,0,0,15,15,30,6,4,0,3,0,0,2,0,15,0,30
"1509",43110,1989,5,3,72,31,4.1,0,0,19,12,31,1,0,1,0,1,2,6,7,12,1,31
"1511",43110,1989,6,3,90,30,4.7,0,0,21,9,30,0,1,0,4,4,4,8,0,9,0,30
"1513",43110,1989,7,3,91,31,6.7,0,2,20,9,31,0,2,3,2,1,3,7,4,9,0,31
"1515",43110,1989,8,3,89,31,7.8,0,0,29,2,31,1,0,1,1,0,1,16,9,2,0,31
"1517",43110,1989,9,3,89,30,3.1,0,0,21,9,30,2,1,2,10,2,0,1,2,9,1,30
"1519",43110,1989,10,3,79,31,2.5,0,0,17,14,31,2,0,0,11,2,1,0,1,14,0,31
"1521",43110,1989,11,3,52,30,5.2,0,0,28,2,30,0,3,13,11,0,0,0,0,2,1,30
"1523",43110,1989,12,3,53,31,5.6,0,0,30,1,31,1,0,17,12,0,0,0,0,1,0,31
"1525",43110,1990,1,3,48,31,4.2,0,0,29,2,31,0,3,20,6,0,0,0,0,2,0,31
"1527",43110,1990,2,3,61,28,4.1,0,0,24,4,28,1,5,13,4,0,0,0,0,4,1,28
"1529",43110,1990,3,3,67,31,4.6,0,0,29,2,31,6,9,2,9,0,1,0,1,2,1,31
"1531",43110,1990,4,3,73,30,4.4,0,0,27,3,30,11,7,1,1,4,0,0,3,3,0,30
"1533",43110,1990,5,3,81,31,3.6,0,0,24,7,31,4,2,0,8,4,0,4,2,7,0,31
"1535",43110,1990,6,3,88,30,6.5,0,0,28,2,30,2,0,1,6,4,4,8,3,2,0,30
"1537",43110,1990,7,3,88,31,9,0,1,30,0,31,0,0,0,0,1,2,24,4,0,0,31
"1539",43110,1990,8,3,90,31,8.1,0,1,28,2,31,0,1,0,0,0,2,20,6,2,0,31
"1541",43110,1990,9,3,91,30,3.3,0,0,19,11,30,0,0,2,9,1,0,4,3,11,0,30
"1543",43110,1990,10,3,73,31,5.1,0,0,27,4,31,1,0,7,14,3,1,0,0,4,1,31
"1545",43110,1990,11,3,65,30,5.4,0,0,26,4,30,0,3,12,10,0,1,0,0,4,0,30
"1547",43110,1990,12,3,58,31,8.9,0,2,27,2,31,0,1,15,13,0,0,0,0,2,0,31
"1549",43110,1991,1,3,64,31,5.8,0,0,28,3,31,0,4,15,8,0,0,0,1,3,0,31
"1551",43110,1991,2,3,65,28,4.5,0,0,25,3,28,2,7,10,6,0,0,0,0,3,0,28
"1553",43110,1991,3,3,74,31,4.3,0,0,27,4,31,6,8,2,9,2,0,0,0,4,0,31
"1555",43110,1991,4,3,75,30,4.6,0,0,26,4,30,5,4,2,7,4,1,0,3,4,0,30
"1557",43110,1991,5,3,73,31,5.2,0,0,26,5,31,12,7,1,1,1,1,1,2,5,0,31
"1559",43110,1991,6,3,87,30,4.5,0,0,21,9,30,2,3,0,4,0,1,3,8,9,0,30
"1561",43110,1991,7,3,90,31,8.5,0,4,23,4,31,0,1,0,3,0,2,17,4,4,0,31
"1563",43110,1991,8,3,90,31,6.2,0,0,23,8,31,1,0,0,0,0,2,14,6,8,0,31
"1565",43110,1991,9,3,87,30,1.6,0,0,15,15,30,2,3,2,4,2,0,0,2,15,0,30
"1567",43110,1991,10,3,74,31,1.9,0,0,13,18,31,3,4,3,3,0,0,0,0,18,0,31
"1569",43110,1991,11,3,66,30,4.1,0,0,27,3,30,0,1,15,10,1,0,0,0,3,0,30
"1571",43110,1991,12,3,57,31,6.7,0,0,30,1,31,1,4,13,11,1,0,0,0,1,0,31
"1573",43110,1992,1,3,52,31,4.2,0,1,20,10,31,0,3,9,9,0,0,0,0,10,0,31
"1575",43110,1992,2,3,63,29,3.1,0,0,17,12,29,4,6,5,2,0,0,0,0,12,0,29
"1577",43110,1992,3,3,72,31,3.1,0,0,22,9,31,5,1,5,8,2,1,0,0,9,0,31
"1579",43110,1992,4,3,71,30,4.5,0,0,22,8,30,8,4,0,2,2,2,0,4,8,0,30
"1581",43110,1992,5,3,73,31,3.9,0,0,22,9,31,2,5,1,3,2,1,4,4,9,0,31
"1583",43110,1992,6,3,83,30,5.9,0,0,28,2,30,6,3,1,2,1,1,4,10,2,0,30
"1585",43110,1992,7,3,89,31,6.9,0,0,31,0,31,0,0,1,8,1,3,9,9,0,0,31
"1587",43110,1992,8,3,89,31,5.6,0,0,28,3,31,1,2,1,6,1,0,13,3,3,0,30
"1589",43110,1992,9,3,86,30,3.4,0,0,25,5,30,1,8,1,3,1,1,7,3,5,0,30
"1591",43110,1992,10,3,81,31,3.6,0,0,27,4,31,2,5,7,10,2,0,1,0,4,0,31
"1593",43110,1992,11,3,59,30,5.5,0,0,29,1,30,1,1,17,9,0,1,0,0,1,0,30
"1595",43110,1992,12,3,50,31,7,0,1,30,0,31,0,0,20,11,0,0,0,0,0,0,31
"1597",43110,1993,1,3,62,31,4,0,0,27,4,31,0,5,10,12,0,0,0,0,4,0,31
"1599",43110,1993,2,3,59,28,5.5,0,0,28,0,28,1,5,15,5,1,0,0,1,0,0,28
"1601",43110,1993,3,3,66,31,4,0,0,27,4,31,5,5,5,9,2,0,1,0,4,0,31
"1603",43110,1993,4,3,75,30,5,0,0,28,2,30,8,7,2,5,3,0,0,3,2,0,30
"1605",43110,1993,5,3,75,31,4.4,0,0,26,5,31,7,1,1,3,4,2,2,6,5,0,31
"1607",43110,1993,6,3,85,30,5.2,0,0,27,3,30,4,1,2,4,1,6,4,5,3,0,30
"1609",43110,1993,7,3,89,31,6.2,0,0,29,2,31,0,0,2,2,2,5,15,3,2,0,31
"1611",43110,1993,8,3,89,31,5,0,0,29,2,31,0,3,1,2,1,3,15,4,2,0,31
"1613",43110,1993,9,3,91,30,3.4,0,0,25,5,30,3,1,4,5,3,2,4,3,5,0,30
"1615",43110,1993,10,3,83,31,3,0,0,25,6,31,3,1,8,11,2,0,0,0,6,0,31
"1617",43110,1993,11,3,55,30,6.4,0,1,26,3,30,0,4,12,7,3,1,0,0,3,0,30
"1619",43110,1993,12,3,50,31,5.4,0,0,31,0,31,0,2,18,10,1,0,0,0,0,0,31
"1621",43110,1994,1,3,61,31,4.3,0,0,31,0,31,1,4,14,10,1,0,1,0,0,0,31
"1623",43110,1994,2,3,59,28,3.9,0,0,26,2,28,1,12,6,5,1,0,0,1,2,0,28
"1625",43110,1994,3,3,78,31,2.9,0,0,23,8,31,0,3,2,11,4,1,0,2,8,0,31
"1627",43110,1994,4,3,71,30,4.8,0,0,28,2,30,7,5,2,3,1,0,1,9,2,0,30
"1629",43110,1994,5,3,73,31,4,0,0,28,3,31,9,3,2,1,4,1,3,5,3,0,31
"1631",43110,1994,6,3,87,30,8.1,0,0,30,0,30,2,1,0,5,3,7,10,2,0,0,30
"1633",43110,1994,7,3,89,31,7.8,0,1,29,1,31,0,0,0,0,0,7,20,3,1,0,31
"1635",43110,1994,8,3,87,31,6.3,0,0,31,0,31,1,0,0,0,1,4,20,5,0,0,31
"1637",43110,1994,9,3,86,30,4.6,0,0,28,2,30,1,1,2,9,4,4,6,1,2,0,30
"1639",43110,1994,10,3,79,31,3,0,0,28,3,31,0,1,9,14,3,1,0,0,3,0,31
"1641",43110,1994,11,3,56,30,6.5,0,1,27,2,30,0,1,17,9,1,0,0,0,2,0,30
"1643",43110,1994,12,3,54,31,5.8,0,0,27,4,31,0,3,12,12,0,0,0,0,4,0,31
"1645",43110,1995,1,3,58,31,5.1,0,0,30,1,31,2,3,19,6,0,0,0,0,1,0,31
"1647",43110,1995,2,3,68,28,3.3,0,0,22,6,28,4,2,7,8,0,0,0,1,6,0,28
"1649",43110,1995,3,3,64,31,4.1,0,0,26,5,31,5,10,3,3,1,0,0,4,5,0,31
"1651",43110,1995,4,3,75,30,4.9,0,0,29,1,30,8,5,2,7,2,0,1,4,1,0,30
"1653",43110,1995,5,3,70,31,5.6,0,0,31,0,31,1,5,2,3,1,3,9,7,0,0,31
"1655",43110,1995,6,3,83,30,4.1,0,0,26,4,30,0,0,1,5,5,3,4,8,4,0,30
"1657",43110,1995,7,3,91,31,6.1,0,0,28,3,31,1,0,0,5,3,5,12,2,3,0,31
"1659",43110,1995,8,3,87,31,5.2,0,1,27,3,31,2,3,2,5,2,1,11,2,3,0,31
"1661",43110,1995,9,3,89,30,4.2,0,0,27,3,30,5,2,1,8,4,2,4,1,3,0,30
"1663",43110,1995,10,3,78,31,4.4,0,0,28,3,31,3,3,10,9,2,0,0,1,3,0,31
"1665",43110,1995,11,3,61,30,6.2,0,0,30,0,30,0,1,13,15,1,0,0,0,0,0,30
"1667",43110,1995,12,3,60,31,5.8,0,0,31,0,31,0,2,15,13,1,0,0,0,0,0,31
"1669",43110,1996,1,3,69,31,3.8,0,0,28,3,31,1,5,17,3,1,0,0,1,3,0,31
"1671",43110,1996,2,3,58,29,4.8,0,0,29,0,29,3,5,14,5,0,1,0,1,0,0,29
"1673",43110,1996,3,3,69,31,3.8,0,0,29,2,31,4,3,8,9,5,0,0,0,2,0,31
"1675",43110,1996,4,3,71,30,5.3,0,0,29,1,30,6,6,5,4,0,0,0,8,1,0,30
"1677",43110,1996,5,3,72,31,6,0,0,29,2,31,6,5,2,1,0,1,3,11,2,0,31
"1679",43110,1996,6,3,83,30,5.8,0,0,28,2,30,1,0,5,4,2,2,10,4,2,0,30
"1681",43110,1996,7,3,90,31,6.3,0,0,30,1,31,0,3,2,3,4,3,14,1,1,0,31
"1683",43110,1996,8,3,90,31,5.2,0,0,26,5,31,0,1,0,0,2,4,11,8,5,0,31
"1685",43110,1996,9,3,90,30,3,0,0,24,6,30,1,5,2,7,3,3,2,1,6,0,30
"1687",43110,1996,10,3,75,31,7.2,0,3,27,1,31,1,2,10,10,3,3,0,1,1,0,31
"1689",43110,1996,11,3,57,30,6.9,0,0,28,2,30,1,8,11,6,0,0,1,1,2,0,30
"1691",43110,1996,12,3,49,31,9.1,0,4,27,0,31,0,2,23,6,0,0,0,0,0,0,31
"1693",43110,1997,1,3,59,31,5.8,0,1,29,1,31,1,8,18,3,0,0,0,0,1,0,31
"1695",43110,1997,2,3,58,28,5.5,0,0,28,0,28,5,5,5,8,1,0,0,4,0,0,28
"1697",43110,1997,3,3,72,31,4.6,0,0,29,2,31,2,7,7,11,1,0,0,1,2,0,31
"1699",43110,1997,4,3,70,30,6.1,0,0,30,0,30,8,6,1,9,2,1,0,3,0,0,30
"1701",43110,1997,5,3,68,31,7.4,0,0,30,1,31,11,4,0,0,0,2,3,10,1,0,31
"1703",43110,1997,6,3,84,30,7.4,0,0,29,1,30,2,1,3,8,4,1,8,2,1,0,30
"1705",43110,1997,7,3,89,31,9,0,1,29,1,31,1,0,2,1,2,3,19,2,1,0,31
"1707",43110,1997,8,3,89,31,8.3,0,0,30,1,31,0,0,0,2,1,2,18,7,1,0,31
"1709",43110,1997,9,3,86,30,5.6,0,0,29,1,30,0,3,7,18,1,0,0,0,1,0,30
"1711",43110,1997,10,3,77,31,5.6,0,0,31,0,31,0,5,4,19,3,0,0,0,0,0,31
"1713",43110,1997,11,3,72,30,5.4,0,0,29,1,30,0,3,10,16,0,0,0,0,1,0,30
"1715",43110,1997,12,3,77,31,5.3,0,1,26,4,31,1,6,8,12,0,0,0,0,4,0,31
"1717",43110,1998,1,3,66,31,5.4,0,0,30,1,31,0,6,15,9,0,0,0,0,1,0,31
"1719",43110,1998,2,3,60,28,5.6,0,0,27,1,28,2,7,13,4,1,0,0,0,1,0,28
"1721",43110,1998,3,3,72,31,5.1,0,0,27,4,31,5,6,5,10,0,0,1,0,4,0,31
"1723",43110,1998,4,3,70,30,5.7,0,0,29,1,30,14,4,0,2,1,1,1,6,1,0,30
"1725",43110,1998,5,3,71,31,4.1,0,0,26,5,31,2,3,2,4,4,4,3,4,5,0,31
"1727",43110,1998,6,3,82,30,7.6,0,2,21,7,30,1,2,2,8,4,0,4,2,7,0,30
"1729",43110,1998,7,3,88,29,7.7,0,0,23,6,29,0,2,1,3,0,0,14,3,6,0,29
"1731",43110,1998,8,3,90,31,5.2,0,0,25,6,31,1,0,2,4,2,1,9,6,6,0,31
"1733",43110,1998,9,3,89,30,3.7,0,0,19,11,30,1,0,3,8,1,1,1,4,11,0,30
"1735",43110,1998,10,3,85,31,4.3,0,0,25,6,31,1,2,4,13,3,0,1,1,6,0,31
"1737",43110,1998,11,3,68,30,4.4,0,0,25,5,30,0,1,6,15,3,0,0,0,5,0,30
"1739",43110,1998,12,3,46,31,8.4,0,2,28,1,31,0,0,20,10,0,0,0,0,1,0,31
"1741",43110,1999,1,3,59,28,5.1,0,0,25,3,28,0,6,8,9,1,0,0,1,3,0,28
"1743",43110,1999,2,3,60,27,4.3,0,0,19,8,27,0,3,10,6,0,0,0,0,8,0,27
"1745",43110,1999,3,3,70,28,3.3,0,0,20,8,28,2,8,2,8,0,0,0,0,8,0,28
"1747",43110,1999,4,3,75,26,5.1,0,0,21,5,26,5,1,0,6,3,1,2,3,5,0,26
"1749",43110,1999,5,3,78,26,4.8,0,0,20,6,26,3,0,2,6,3,1,0,5,6,0,26
"1751",43110,1999,6,3,88,30,4.7,0,0,22,8,30,1,2,0,2,2,5,5,5,8,0,30
"1753",43110,1999,7,3,87,31,11.1554455445545,0.0490196078431373,5.84313725490196,22.1078431372549,2.15686274509804,0,1,0,1,0,0,2,17,2,8,0,31
"1755",43110,1999,8,3,88,29,9.899,0.0099009900990099,4.95049504950495,22.7227722772277,2.88118811881188,0,3,0,0,1,0,0,15,3,7,0,29
"1757",43110,1999,9,3,88,29,2.5,0,0,13,12,25,2,1,1,5,3,0,1,2,14,0,29
"1759",43110,1999,10,3,77,30,3.7,0,0,24,6,30,2,2,7,9,3,0,0,0,7,0,30
"1761",43110,1999,11,3,52,28,6.5,0,1,23,4,28,0,1,14,7,1,1,0,0,4,0,28
"1763",43110,1999,12,3,47,31,8.3,0,1,28,2,31,0,1,18,10,0,0,0,0,2,0,31
"1765",43110,2000,1,3,53,29,7.9,0,2,25,2,29,1,3,18,4,0,0,0,1,2,0,29
"1767",43110,2000,2,3,64,28,5.7,0,1,22,5,28,1,10,6,6,0,0,0,0,5,0,28
"1769",43110,2000,3,3,68,31,3.9,0,0,23,8,31,8,5,3,4,3,0,0,0,8,0,31
"1771",43110,2000,4,3,75,30,5,0,0,24,6,30,8,2,0,6,3,0,1,4,6,0,30
"1773",43110,2000,5,3,78,31,4.1,0,0,22,9,31,1,2,2,8,4,1,1,3,9,0,31
"1775",43110,2000,6,3,87,29,5.4,0,0,25,4,29,4,3,2,4,2,1,5,4,4,0,29
"1777",43110,2000,7,3,88,31,6.5,0,0,27,4,31,0,0,2,2,0,0,20,3,4,0,31
"1779",43110,2000,8,3,90,31,6,0,0,23,8,31,2,1,1,1,3,0,9,6,8,0,31
"1781",43110,2000,9,3,84,30,4.3,0,0,24,6,30,4,4,0,5,2,0,3,6,6,0,30
"1783",43110,2000,10,3,87,30,3.6,0,0,24,6,30,0,1,4,17,2,0,0,0,6,0,30
"1785",43110,2000,11,3,61,30,5.6,0,0,29,1,30,0,0,11,15,2,0,0,1,1,0,30
"1787",43110,2000,12,3,42,31,6.7,0,0,30,1,31,0,2,19,8,0,1,0,0,1,0,31
"1789",43110,2001,1,3,66,31,3.8,0,0,27,4,31,1,1,15,10,0,0,0,0,4,0,31
"1791",43110,2001,2,3,70,28,3.5,0,0,22,6,28,2,4,9,7,0,0,0,0,6,0,28
"1793",43110,2001,3,3,73,31,3.9,0,0,26,5,31,7,13,1,3,0,0,0,2,5,0,31
"1795",43110,2001,4,3,75,30,4,0,0,25,5,30,8,2,1,5,4,0,1,4,5,0,30
"1797",43110,2001,5,3,74,31,4.9,0,0,27,4,31,4,2,1,7,4,2,2,5,4,0,31
"1799",43110,2001,6,3,83,30,6.1,0,0,27,3,30,0,0,0,5,1,2,13,6,3,0,30
"1801",43110,2001,7,3,85,31,7.1,0,0,30,1,31,1,1,0,1,0,2,22,3,1,0,31
"1803",43110,2001,8,3,89,31,5.2,0,0,26,5,31,2,0,0,0,0,0,20,4,5,0,31
"1805",43110,2001,9,3,88,30,3.7,0,0,27,3,30,1,2,7,13,0,0,3,1,3,0,30
"1807",43110,2001,10,3,77,31,3,0,0,22,9,31,1,2,5,8,2,0,0,4,9,0,31
"1809",43110,2001,11,3,55,30,5.2,0,0,30,0,30,0,4,12,13,1,0,0,0,0,0,30
"1811",43110,2001,12,3,53,31,5.5,0,0,29,2,31,0,0,19,10,0,0,0,0,2,0,31
"1813",43110,2002,1,3,59,31,6,0,0,29,2,31,0,4,16,9,0,0,0,0,2,0,31
"1815",43110,2002,2,3,62,27,3.2,0,0,20,7,27,1,2,12,3,1,0,0,1,7,0,27
"1817",43110,2002,3,3,68,31,4,0,0,26,5,31,1,4,10,6,1,0,1,3,5,0,31
"1819",43110,2002,4,3,66,30,3.4,0,0,23,7,30,1,4,1,12,2,0,0,3,7,0,30
"1821",43110,2002,5,3,74,31,5,0,0,29,2,31,6,0,1,5,3,2,4,8,2,0,31
"1823",43110,2002,6,3,87,30,4.9,0,0,27,3,30,4,1,0,7,2,2,7,4,3,0,30
"1825",43110,2002,7,3,84,31,7.2,0,1,30,0,31,0,0,0,1,0,1,22,7,0,0,31
"1827",43110,2002,8,3,89,31,5.7,0,0,29,2,31,1,1,1,1,0,1,14,10,2,0,31
"1829",43110,2002,9,3,83,30,2.6,0,0,21,9,30,1,3,4,9,3,0,0,1,9,0,30
"1831",43110,2002,10,3,75,31,3.4,0,0,28,3,31,2,0,8,17,1,0,0,0,3,0,31
"1833",43110,2002,11,3,62,30,5.2,0,0,29,1,30,0,1,12,13,2,0,0,1,1,0,30
"1835",43110,2002,12,3,64,31,4.8,0,0,29,2,31,0,2,19,7,1,0,0,0,2,0,31
"1837",43110,2003,1,3,66,31,4.4,0,0,27,4,31,1,2,16,8,0,0,0,0,4,0,31
"1839",43110,2003,2,3,72,28,2.9,0,0,21,7,28,2,5,6,7,0,0,0,1,7,0,28
"1841",43110,2003,3,3,68,31,2.5,0,0,21,10,31,5,5,2,5,0,0,0,4,10,0,31
"1843",43110,2003,4,3,70,30,3,0,0,20,10,30,8,4,1,3,0,0,1,3,10,0,30
"1845",43110,2003,5,3,71,31,5.6,0,0,25,6,31,13,1,2,0,0,0,1,8,6,0,31
"1847",43110,2003,6,3,85,30,5.7,0,0,29,1,30,2,0,0,9,2,5,8,3,1,0,30
"1849",43110,2003,7,3,91,31,4.7,0,0,26,5,31,0,0,2,5,3,3,11,2,5,0,31
"1851",43110,2003,8,3,89,31,5.7,0,0,29,2,31,0,1,0,3,0,3,17,5,2,0,31
"1853",43110,2003,9,3,90,30,3.1,0,0,23,7,30,1,2,7,6,1,1,5,0,7,0,30
"1855",43110,2003,10,3,83,31,3.7,0,0,28,3,31,1,2,11,14,0,0,0,0,3,0,31
"1857",43110,2003,11,3,60,30,5.4,0,0,28,2,30,0,1,22,5,0,0,0,0,2,0,30
"1859",43110,2003,12,3,57,31,6.3,0,2,28,1,31,0,0,25,4,0,0,0,1,1,0,31
"1861",43110,2004,1,3,69,31,3.8,0,0,25,6,31,1,3,16,5,0,0,0,0,6,0,31
"1863",43110,2004,2,3,66,29,3.2,0,0,22,7,29,2,4,13,3,0,0,0,0,7,0,29
"1865",43110,2004,3,3,79,31,3,0,0,24,7,31,2,4,9,7,0,0,0,2,7,0,31
"1867",43110,2004,4,3,73,30,4,0,0,30,0,30,6,4,5,6,0,0,1,8,0,0,30
"1869",43110,2004,5,3,75,31,4.5,0,0,27,4,31,4,5,4,7,0,0,4,3,4,0,31
"1871",43110,2004,6,3,87,30,8.2,0,1,28,1,30,2,2,3,4,1,6,10,1,1,0,30
"1873",43110,2004,7,3,89,31,6.2,0,0,29,2,31,0,0,3,4,1,0,16,5,2,0,31
"1875",43110,2004,8,3,89,31,6.9,0,0,31,0,31,0,0,0,0,0,0,29,2,0,0,31
"1877",43110,2004,9,3,89,30,3.8,0,0,23,7,30,4,3,6,4,0,0,2,4,7,0,30
"1879",43110,2004,10,3,69,31,5.1,0,0,27,4,31,2,2,16,4,3,0,0,0,4,0,31
"1881",43110,2004,11,3,55,30,6.9,0,0,29,1,30,0,0,22,5,0,1,1,0,1,0,30
"1883",43110,2004,12,3,52,31,7.6,0,0,28,3,31,0,2,22,4,0,0,0,0,3,0,31
"1885",43110,2005,1,3,66,31,4.5,0,0,25,6,31,2,5,14,3,0,0,0,1,6,0,31
"1887",43110,2005,2,3,66,28,3.8,0,0,21,7,28,3,5,9,3,0,0,0,1,7,0,28
"1889",43110,2005,3,3,73,31,3.1,0,0,20,11,31,6,5,4,4,0,0,0,1,11,0,31
"1891",43110,2005,4,3,72,30,4,0,0,27,3,30,7,3,4,6,1,1,2,3,3,0,30
"1893",43110,2005,5,3,70,31,6,0,0,29,2,31,10,3,0,0,0,0,2,14,2,0,31
"1895",43110,2005,6,3,84,30,6.5,0,0,28,2,30,4,1,2,6,2,4,5,4,2,0,30
"1897",43110,2005,7,3,89,31,9,0,2,25,4,31,1,0,0,3,0,5,15,3,4,0,31
"1899",43110,2005,8,3,90,31,8.1,0,1,25,5,31,1,1,2,0,0,5,15,2,5,0,31
"1901",43110,2005,9,3,92,29,4.4,0,0,22,7,29,3,2,2,0,1,5,6,3,7,0,29
"1903",43110,2005,10,3,78,31,3.2,0,0,21,10,31,2,0,12,6,1,0,0,0,10,0,31
"1905",43110,2005,11,3,52,29,5.5,0,0,24,5,29,0,0,13,11,0,0,0,0,5,0,29
"1907",43110,2005,12,3,55,31,6.9,0,0,27,4,31,0,0,20,6,1,0,0,0,4,0,31
"1909",43110,2006,1,3,54,26,6,0,1,19,6,26,3,0,15,2,0,0,0,0,6,0,26
"1911",43110,2006,2,3,63,26,3.4,0,0,16,10,26,0,0,11,5,0,0,0,0,10,0,26
"1913",43110,2006,3,3,70,31,2.7,0,0,18,13,31,6,5,3,4,0,0,0,0,13,0,31
"1915",43110,2006,4,3,74,30,5,0,0,23,7,30,12,0,1,3,0,0,0,7,7,0,30
"1917",43110,2006,5,3,77,29,4.7,0,1,19,9,29,7,3,1,1,0,0,0,8,9,0,29
"1919",43110,2006,7,3,88,31,12.9,0,5,25,1,31,0,0,0,0,0,9,19,2,1,0,31
"1921",43110,2006,8,3,90,30,7.9,0,0,28,2,30,0,0,0,0,0,5,22,1,2,0,30
"1923",43110,2006,9,3,91,29,2.6,0,0,15,14,29,1,2,1,5,5,0,0,1,14,0,29
"1925",43110,2006,10,3,77,31,2.8,0,0,20,11,31,0,3,8,6,1,0,0,2,11,0,31
"1927",43110,2006,11,3,67,29,4.7,0,0,21,8,29,0,0,14,7,0,0,0,0,8,0,29
"1929",43110,2006,12,3,61,31,5.2,0,0,22,9,31,0,0,19,3,0,0,0,0,9,0,31
"1931",43110,2007,1,3,64,31,4,0,0,22,9,31,1,2,16,3,0,0,0,0,9,0,31
"1933",43110,2007,2,3,71,28,2.7,0,0,15,13,28,0,5,8,2,0,0,0,0,13,0,28
"1935",43110,2007,3,3,72,28,2.5,0,0,14,14,28,3,4,0,4,0,0,1,2,14,0,28
"1937",43110,2007,4,3,75,28,1.8,0,0,10,18,28,3,1,3,2,0,0,0,1,18,0,28
"1939",43110,2007,5,3,73,30,2.4,0,0,14,16,30,3,1,0,1,0,0,1,8,16,0,30
"1941",43110,2007,6,3,87,30,7.3,0,3,22,5,30,1,0,0,11,4,5,2,2,5,0,30
"1943",43110,2007,7,3,89,31,7,0,0,27,4,31,0,0,0,5,1,8,12,1,4,0,31
"1945",43110,2007,8,3,89,31,8.6,1,0,22,8,31,0,0,0,2,0,1,19,1,8,0,31
"1947",43110,2007,9,3,92,29,3.1,0,0,15,14,29,0,1,1,4,3,0,6,0,14,0,29
"1949",43110,2007,10,3,78,30,2.4,0,0,12,18,30,1,2,2,6,0,0,0,1,18,0,30
"1951",43110,2007,11,3,60,30,6,0,1,24,5,30,0,1,10,13,0,0,1,0,5,0,30
"1953",43110,2007,12,3,63,30,3.5,0,0,16,14,30,0,0,5,11,0,0,0,0,14,0,30
"1955",43193,1987,1,3,77,31,0.6,0,0,9,22,31,2,0,2,0,1,0,4,0,22,0,31
"1957",43193,1987,2,3,77,28,1.2,0,0,12,16,28,5,0,3,0,1,0,3,0,16,0,28
"1959",43193,1987,3,3,78,31,1.8,0,0,19,12,31,5,0,2,0,9,0,3,0,12,0,31
"1961",43193,1987,4,3,73,30,2.8,0,0,26,4,30,4,0,4,0,11,2,4,1,4,0,30
"1963",43193,1987,5,3,67,31,3.6,0,0,29,2,31,5,6,9,1,5,0,3,0,2,0,31
"1965",43193,1987,6,3,88,30,3.4,0,0,28,2,30,4,4,4,1,4,3,6,2,2,0,30
"1967",43193,1987,7,3,82,22,5.6,0,0,21,1,22,0,0,0,2,3,6,3,7,1,0,22
"1969",43193,1987,8,3,90,31,2.5,0,1,19,11,31,8,1,0,1,3,1,1,5,11,0,31
"1971",43193,1987,9,3,88,30,1.3,0,0,16,14,30,4,0,2,4,2,0,2,2,14,0,30
"1973",43193,1987,10,3,84,31,0.9,0,0,12,19,31,6,0,0,1,2,0,0,3,19,0,31
"1975",43193,1987,11,3,81,30,1,0,0,14,16,30,2,1,2,1,0,0,0,8,16,0,30
"1977",43193,1987,12,3,75,31,1,0,0,14,17,31,1,5,2,1,1,0,2,2,17,0,31
"1979",43193,1988,1,3,80,31,0.1,0,0,3,28,31,0,1,1,0,0,0,0,1,28,0,31
"1981",43193,1988,2,3,84,29,0.5,0,0,7,22,29,3,1,1,1,0,0,0,1,22,0,29
"1983",43193,1988,3,3,80,31,1.4,0,0,19,12,31,5,2,2,3,3,0,0,4,12,0,31
"1985",43193,1988,4,3,73,30,2.8,0,0,28,2,30,2,5,4,9,3,1,1,3,2,0,30
"1987",43193,1988,5,3,72,30,3.7,0,0,30,0,30,6,4,3,2,0,2,1,12,0,0,30
"1989",43193,1988,6,3,84,30,4.3,0,0,30,0,30,0,4,3,4,8,4,4,3,0,0,30
"1991",43193,1988,7,3,89,31,6.3,0,1,26,4,31,1,4,2,1,3,8,8,0,4,0,31
"1993",43193,1988,8,3,90,31,4,0,0,24,7,31,0,1,0,0,6,5,7,5,7,0,31
"1995",43193,1988,9,3,90,30,2.8,0,0,19,11,30,2,0,1,2,5,2,2,5,11,0,30
"1997",43193,1988,10,3,83,31,1.4,0,0,18,13,31,4,0,2,2,3,0,3,4,13,0,31
"1999",43193,1988,11,3,63,30,2,0,0,19,11,30,3,0,8,0,5,0,3,0,11,0,30
"2001",43193,1988,12,3,65,31,1.5,0,0,17,14,31,1,0,6,0,7,1,2,0,14,0,31
"2003",43193,1989,1,3,73,31,1,0,0,15,16,31,2,0,0,0,10,0,1,2,16,0,31
"2005",43193,1989,2,3,69,28,1.6,0,0,20,8,28,4,0,2,1,7,2,2,2,8,0,28
"2007",43193,1989,3,3,75,31,1.8,0,0,21,10,31,3,0,3,0,8,2,1,4,10,0,31
"2009",43193,1989,4,3,71,30,2.6,0,0,25,5,30,5,0,1,2,8,1,3,5,5,0,30
"2011",43193,1989,5,3,71,31,3.8,0,0,28,3,31,2,0,0,0,6,3,11,6,3,0,31
"2013",43193,1989,6,3,84,30,3.8,0,0,29,1,30,2,0,0,1,5,8,12,1,1,0,30
"2015",43193,1989,7,3,87,31,4.3,0,1,24,6,31,0,0,1,1,8,4,8,3,6,0,31
"2017",43193,1989,8,3,87,31,4.6,0,0,31,0,31,2,0,0,0,4,4,17,4,0,0,31
"2019",43193,1989,9,3,89,30,1.8,0,0,19,11,30,5,0,2,1,6,4,0,1,11,0,30
"2021",43193,1989,10,3,87,31,1.6,0,0,19,12,31,4,0,0,2,8,0,3,2,12,0,31
"2023",43193,1989,11,3,72,30,1.7,0,0,16,14,30,7,0,3,0,4,1,1,0,14,0,30
"2025",43193,1989,12,3,70,31,0.8,0,0,9,22,31,2,0,1,1,3,1,1,0,22,0,31
"2027",43193,1990,1,3,72,31,0.7,0,0,10,21,31,2,0,1,1,4,1,1,0,21,0,31
"2029",43193,1990,2,3,74,28,0.5,0,0,6,22,28,1,0,1,0,3,1,0,0,22,0,28
"2031",43193,1990,3,3,72,31,2,0,0,23,8,31,1,0,6,0,11,3,0,2,8,0,31
"2033",43193,1990,4,3,72,30,3.1,0,0,29,1,30,7,0,3,0,5,2,6,6,1,0,30
"2035",43193,1990,5,3,77,30,3.8,0,0,29,1,30,8,0,0,0,4,4,9,4,1,0,30
"2037",43193,1990,6,3,86,30,3.9,0,0,28,2,30,3,0,0,0,3,8,9,5,2,0,30
"2039",43193,1990,7,3,85,31,4.9,0,0,31,0,31,1,0,0,0,5,5,19,1,0,0,31
"2041",43193,1990,8,3,89,31,4.9,0,0,31,0,31,5,0,1,0,2,5,12,6,0,0,31
"2043",43193,1990,9,3,90,30,2.6,0,0,25,5,30,4,0,0,0,7,4,4,6,5,0,30
"2045",43193,1990,10,3,82,30,1.6,0,0,18,12,30,7,0,0,0,6,1,2,2,12,0,30
"2047",43193,1990,11,3,79,30,1.8,0,0,19,11,30,3,0,9,0,5,0,2,0,11,0,30
"2049",43193,1990,12,3,76,31,1.2,0,0,15,16,31,4,0,5,0,4,1,1,0,16,0,31
"2051",43193,1991,1,3,78,31,0.5,0,0,8,23,31,2,0,2,0,2,0,1,1,23,0,31
"2053",43193,1991,2,3,79,28,0.5,0,0,7,21,28,0,0,0,0,2,2,2,1,21,0,28
"2055",43193,1991,3,3,79,31,2.5,0,0,19,12,31,6,0,8,0,2,1,1,1,12,0,31
"2057",43193,1991,4,3,75,30,4.1,0,0,30,0,30,12,0,6,6,2,2,1,1,0,0,30
"2059",43193,1991,5,3,72,31,4.7,0,0,31,0,31,12,0,4,2,3,2,2,6,0,0,31
"2061",43193,1991,6,3,83,30,3.4,0,0,28,2,30,8,0,2,0,2,1,8,7,2,0,30
"2063",43193,1991,7,3,88,31,5.2,0,0,30,1,31,2,0,2,2,3,6,11,4,1,0,31
"2065",43193,1991,8,3,88,31,3.9,0,0,30,1,31,0,0,0,1,5,3,13,8,1,0,31
"2067",43193,1991,9,3,86,30,2.2,0,0,23,7,30,12,0,1,0,2,2,2,4,7,0,30
"2069",43193,1991,10,3,83,31,2,0,0,23,8,31,10,0,0,0,6,1,3,3,8,0,31
"2071",43193,1991,11,3,75,30,1.6,0,0,20,10,30,8,0,4,0,2,2,3,1,10,0,30
"2073",43193,1991,12,3,75,31,1.3,0,0,17,14,31,7,0,2,0,4,1,1,2,14,0,31
"2075",43193,1992,1,3,74,31,0.9,0,0,13,18,31,6,0,4,0,1,2,0,0,18,0,31
"2077",43193,1992,2,3,77,29,2,0,0,22,7,29,15,0,0,1,3,1,0,2,7,0,29
"2079",43193,1992,3,3,79,31,2.9,0,0,27,4,31,8,0,5,0,10,1,2,1,4,0,31
"2081",43193,1992,4,3,72,30,4.4,0,0,30,0,30,13,0,0,1,8,1,1,6,0,0,30
"2083",43193,1992,5,3,72,31,4.7,0,0,31,0,31,9,0,0,0,3,2,9,8,0,0,31
"2085",43193,1992,6,3,84,30,4.2,0,0,27,3,30,10,0,1,1,4,3,6,2,3,0,30
"2087",43193,1992,7,3,87,31,5.1,0,0,30,1,31,7,0,1,0,7,6,8,1,1,0,31
"2089",43193,1992,8,3,88,31,5.6,0,0,31,0,31,4,0,0,0,6,8,11,2,0,0,31
"2091",43193,1992,9,3,88,30,2.6,0,0,26,4,30,10,1,5,1,1,2,1,5,4,0,30
"2093",43193,1992,10,3,87,31,1.3,0,0,20,11,31,2,5,2,1,1,2,1,6,11,0,31
"2095",43193,1992,11,3,76,30,1.1,0,0,16,14,30,0,7,0,4,1,1,0,3,14,0,30
"2097",43193,1992,12,3,78,31,0.3,0,0,5,26,31,0,2,1,0,0,1,0,1,26,0,31
"2099",43193,1993,1,3,85,31,0,0,0,1,30,31,0,0,0,0,0,0,0,1,30,0,31
"2101",43193,1993,2,3,81,28,0.3,0,0,5,23,28,1,2,0,0,0,0,0,2,23,0,28
"2103",43193,1993,3,3,76,31,1.2,0,0,19,12,31,0,5,2,3,2,2,0,5,12,0,31
"2105",43193,1993,4,3,75,30,1.8,0,0,25,5,30,3,9,2,4,1,1,0,5,5,0,30
"2107",43193,1993,5,3,74,31,1.8,0,0,24,6,30,9,3,0,6,0,0,1,5,6,0,30
"2109",43193,1993,6,3,82,30,3.3,0,0,26,4,30,2,1,1,3,0,16,2,1,4,0,30
"2111",43193,1993,7,3,87,31,3.4,0,0,21,10,31,1,1,1,0,0,10,4,4,10,0,31
"2113",43193,1993,8,3,87,31,2.1,0,0,21,10,31,0,1,0,0,0,7,7,6,10,0,31
"2115",43193,1993,9,3,90,30,0.6,0,0,9,21,30,1,1,1,2,2,0,0,2,21,0,30
"2117",43193,1993,10,3,88,31,0.5,0,0,8,23,31,0,0,0,4,2,1,0,1,23,0,31
"2119",43193,1993,11,3,70,30,0.4,0,0,6,24,30,1,1,0,2,0,1,0,1,24,0,30
"2121",43193,1993,12,3,77,31,0.2,0,0,3,28,31,1,1,1,0,0,0,0,0,28,0,31
"2123",43193,1994,1,3,82,31,0.1,0,0,3,28,31,1,1,0,1,0,0,0,0,28,0,31
"2125",43193,1994,2,3,75,28,0.9,0,0,12,16,28,5,1,0,1,0,0,0,5,16,0,28
"2127",43193,1994,3,3,82,31,1.5,0,0,20,11,31,3,6,2,5,1,1,1,1,11,0,31
"2129",43193,1994,4,3,73,30,2.6,0,0,27,3,30,9,6,3,5,2,0,0,2,3,0,30
"2131",43193,1994,5,3,71,31,2.1,0,0,23,8,31,7,5,1,2,2,1,2,3,8,0,31
"2133",43193,1994,6,3,84,30,4.2,0,0,28,2,30,3,0,0,3,3,11,5,3,2,0,30
"2135",43193,1994,7,3,86,31,4.5,0,0,29,2,31,0,0,1,1,1,15,10,1,2,0,31
"2137",43193,1994,8,3,87,31,3,0,0,29,2,31,0,3,0,2,0,9,7,8,2,0,31
"2139",43193,1994,9,3,86,30,1.4,0,0,17,13,30,2,1,2,1,0,7,3,1,13,0,30
"2141",43193,1994,10,3,87,31,0.9,0,0,14,17,31,7,2,2,2,0,0,1,0,17,0,31
"2143",43193,1994,11,3,75,30,1,0,0,14,16,30,2,6,4,1,0,1,0,0,16,0,30
"2145",43193,1994,12,3,74,31,0.9,0,0,10,21,31,3,4,0,1,1,0,0,1,21,0,31
"2147",43193,1995,1,3,75,31,1.2,0,0,16,15,31,2,11,2,0,0,0,0,1,15,0,31
"2149",43193,1995,2,3,79,28,0.8,0,0,10,18,28,2,5,0,1,0,0,0,2,18,0,28
"2151",43193,1995,3,3,75,30,1.5,0,0,20,10,30,9,4,1,0,0,1,1,4,10,0,30
"2153",43193,1995,4,3,72,30,2.1,0,0,25,5,30,5,6,2,8,1,0,0,3,5,0,30
"2155",43193,1995,5,3,67,31,2.7,0,0,29,2,31,6,7,2,3,0,4,1,6,2,0,31
"2157",43193,1995,6,3,83,30,2.9,0,0,27,3,30,5,3,3,4,2,5,2,3,3,0,30
"2159",43193,1995,7,3,90,31,2.5,0,0,24,7,31,2,0,0,3,3,8,1,7,7,0,31
"2161",43193,1995,8,3,88,31,2,0,0,25,6,31,4,4,2,3,1,4,3,4,6,0,31
"2163",43193,1995,9,3,87,30,2,0,0,22,8,30,5,4,1,3,0,0,2,7,8,0,30
"2165",43193,1995,10,3,85,31,1.1,0,0,16,15,31,2,4,1,7,0,0,0,2,15,0,31
"2167",43193,1995,11,3,79,30,0.5,0,0,8,22,30,3,3,1,0,1,0,0,0,22,0,30
"2169",43193,1996,1,3,80,31,0.8,0,0,12,19,31,2,5,1,0,0,0,0,4,19,0,31
"2171",43193,1996,2,3,77,29,0.8,0,0,11,18,29,6,3,1,0,0,0,0,1,18,0,29
"2173",43193,1996,3,3,82,31,1.4,0,0,19,12,31,8,4,1,3,1,0,0,2,12,0,31
"2175",43193,1996,4,3,73,30,2,0,0,23,7,30,9,7,1,1,1,0,0,4,7,0,30
"2177",43193,1996,5,3,71,31,2.5,0,0,27,4,31,7,8,1,0,2,1,2,6,4,0,31
"2179",43193,1996,6,3,82,30,3.4,0,0,28,2,30,1,2,1,5,4,6,3,6,2,0,30
"2181",43193,1996,7,3,86,31,3.5,0,0,28,3,31,1,2,2,2,1,10,5,5,3,0,31
"2183",43193,1996,8,3,88,31,2.5,0,0,24,7,31,5,2,0,3,1,5,3,5,7,0,31
"2185",43193,1996,9,3,86,30,1.2,0,0,16,14,30,2,4,2,7,0,0,0,1,14,0,30
"2187",43193,1996,10,3,83,31,1.6,0,0,14,17,31,3,0,2,5,0,0,1,3,17,0,31
"2189",43193,1996,11,3,79,30,0.4,0,0,6,24,30,1,3,1,0,0,0,0,1,24,0,30
"2191",43193,1996,12,3,79,31,0.1,0,0,2,29,31,0,1,1,0,0,0,0,0,29,0,31
"2193",43193,1998,1,3,81,29,0.9,0,0,7,22,29,5,1,0,0,0,0,0,1,22,0,29
"2195",43193,1998,2,3,72,21,1.7,0,0,12,9,21,8,1,0,0,0,0,2,1,9,0,21
"2197",43193,1998,3,3,80,27,0.7,0,0,9,18,27,4,1,0,3,0,0,0,1,18,0,27
"2199",43193,1998,4,3,74,28,1.2,0,0,16,12,28,7,1,1,2,0,1,1,3,12,0,28
"2201",43193,1998,5,3,74,29,6.61683168316832,0,1.4950495049505,25.3465346534653,3.9009900990099,0,10,1,1,1,0,3,3,2,5,0,26
"2203",43193,1998,6,3,83,29,9.206,0.0294117647058824,3.74509803921569,22.8039215686275,2.61764705882353,0,9,2,1,4,3,2,2,4,2,0,29
"2205",43193,1998,7,3,85,19,3.4,0,0,12,4,16,0,0,0,0,1,4,3,6,5,0,19
"2206",43193,1998,8,3,87.2647058823529,12,9.899,0,0,5,7,12,1,0,0,2,0,2,0,0,7,0,12
"2208",43193,1998,9,3,91,29,0.8,0,0,11,18,29,0,1,1,1,2,3,0,3,18,0,29
"2210",43193,1998,10,3,88,30,1.9,0,0,18,12,30,1,4,0,7,2,1,0,3,12,0,30
"2212",43193,1998,11,3,81,27,1.7,0,0,19,8,27,8,6,2,1,1,0,0,1,8,0,27
"2214",43193,1998,12,3,77,30,1.3,0,0,15,15,30,5,6,2,0,0,0,2,0,15,0,30
"2216",43193,1999,1,3,81,30,1.2,0,0,16,14,30,6,3,0,0,2,0,4,1,14,0,30
"2218",43193,1999,2,3,82,27,1,0,0,11,16,27,5,4,1,0,1,0,0,0,16,0,27
"2220",43193,1999,3,3,82,30,0.6,0,0,7,23,30,1,2,0,1,0,0,0,3,23,0,30
"2222",43193,1999,4,3,76,30,2.1,0,0,24,6,30,8,7,1,2,1,2,1,2,6,0,30
"2224",43193,1999,5,3,80,31,2.5,0,0,25,6,31,9,5,3,1,3,0,1,3,6,0,31
"2226",43193,1999,6,3,88,29,2.6,0,0,20,9,29,2,4,1,2,3,4,1,3,9,0,29
"2228",43193,1999,7,3,86,31,2.7,0,0,23,8,31,0,0,0,1,0,7,8,7,8,0,31
"2230",43193,1999,8,3,88,28,2.8,0,0,28,0,28,3,5,1,1,0,7,3,8,0,0,28
"2232",43193,1999,9,3,89,30,1.8,0,0,22,8,30,4,5,3,2,2,0,0,6,8,0,30
"2234",43193,1999,10,3,85,30,1.4,0,0,21,9,30,10,1,2,4,2,1,1,0,9,0,30
"2236",43193,1999,11,3,75,29,1.7,0,0,21,8,29,11,5,1,2,0,2,0,0,8,0,29
"2238",43193,1999,12,3,76,31,1.2,0,0,16,15,31,4,10,0,1,0,0,0,1,15,0,31
"2240",43193,2000,1,3,78,30,1.7,0,0,21,9,30,4,8,1,1,5,0,1,1,9,0,30
"2242",43193,2000,2,3,80,28,1.5,0,0,18,10,28,13,4,0,0,0,0,0,1,10,0,28
"2244",43193,2000,3,3,80,31,1.9,0,0,23,8,31,10,5,0,2,4,0,0,2,8,0,31
"2246",43193,2000,4,3,76,29,2.7,0,0,25,4,29,10,4,3,4,1,1,0,2,4,0,29
"2248",43193,2000,5,3,79,31,2.7,0,0,28,3,31,7,4,3,4,2,2,2,4,3,0,31
"2250",43193,2000,6,3,88,26,2.6,0,0,22,4,26,6,2,0,2,2,3,4,3,4,0,26
"2252",43193,2000,7,3,89,29,2.7,0,0,24,5,29,3,0,0,1,1,7,3,9,5,0,29
"2254",43193,2000,8,3,90,31,2.5,0,0,26,5,31,5,3,0,3,2,4,5,4,5,0,31
"2256",43193,2000,9,3,88,30,1.8,0,0,22,8,30,4,4,1,2,0,2,3,6,8,0,30
"2258",43193,2000,10,3,88,31,1.2,0,0,17,14,31,2,6,2,2,2,0,0,3,14,0,31
"2260",43193,2000,11,3,82,29,1.1,0,0,14,15,29,5,5,0,0,2,1,0,1,15,0,29
"2262",43193,2000,12,3,80,30,0.8,0,0,11,19,30,1,8,0,1,0,1,0,0,19,0,30
"2264",43193,2001,1,3,87,31,1,0,0,16,15,31,3,6,2,1,2,1,0,1,15,0,31
"2266",43193,2001,2,3,85,28,1.4,0,0,18,10,28,6,5,1,2,1,0,0,3,10,0,28
"2268",43193,2001,3,3,82,31,1.6,0,0,21,10,31,14,0,0,0,1,0,2,4,10,0,31
"2270",43193,2001,4,3,78,30,2,0,0,25,5,30,11,6,1,3,0,2,0,2,5,0,30
"2272",43193,2001,5,3,76,31,3.5,0,0,28,3,31,2,10,8,5,1,1,0,1,3,0,31
"2274",43193,2001,6,3,82,30,4.2,0,0,30,0,30,3,1,2,0,4,7,5,8,0,0,30
"2276",43193,2001,7,3,86,31,3,0,0,27,4,31,2,0,1,1,1,9,6,7,4,0,31
"2278",43193,2001,8,3,89,31,2.2,0,0,28,3,31,7,0,0,1,0,3,12,5,3,0,31
"2280",43193,2001,9,3,88,29,1.5,0,0,18,11,29,3,1,2,3,3,1,1,4,11,0,29
"2282",43193,2001,10,3,87,31,1.7,0,0,21,10,31,7,1,1,3,2,1,2,4,10,0,31
"2284",43193,2001,11,3,80,30,1.1,0,0,16,14,30,11,2,0,1,0,0,0,2,14,0,30
"2286",43193,2001,12,3,83,31,0.8,0,0,12,19,31,5,3,0,1,0,1,0,2,19,0,31
"2288",43193,2002,1,3,80,31,1.6,0,0,18,13,31,4,7,2,0,0,0,1,4,13,0,31
"2290",43193,2002,2,3,81,28,1.6,0,0,19,9,28,8,4,1,0,1,0,0,5,9,0,28
"2292",43193,2002,3,3,84,31,1.6,0,0,22,9,31,5,9,2,3,0,0,0,3,9,0,31
"2294",43193,2002,4,3,79,30,1.8,0,0,25,5,30,9,5,2,4,0,0,1,4,5,0,30
"2296",43193,2002,5,3,76,31,2.5,0,0,30,1,31,7,8,2,2,2,2,0,7,1,0,31
"2298",43193,2002,6,3,86,30,2.5,0,0,26,4,30,6,1,1,2,6,5,3,2,4,0,30
"2300",43193,2002,7,3,85,31,2.4,0,0,25,6,31,2,0,0,1,2,4,7,9,6,0,31
"2302",43193,2002,8,3,89,31,2.2,0,0,25,6,31,5,1,0,2,0,10,6,1,6,0,31
"2304",43193,2002,9,3,88,30,1.2,0,0,17,13,30,7,1,0,7,1,0,0,1,13,0,30
"2306",43193,2002,10,3,87,31,1.4,0,0,23,8,31,4,6,4,3,1,2,0,3,8,0,31
"2308",43193,2002,11,3,84,30,0.8,0,0,12,18,30,6,4,0,1,0,1,0,0,18,0,30
"2310",43193,2002,12,3,86,31,0.1,0,0,2,29,31,0,1,1,0,0,0,0,0,29,0,31
"2312",43193,2003,1,3,86,31,0.2,0,0,4,27,31,1,0,0,1,1,0,0,1,27,0,31
"2314",43193,2003,2,3,85,28,0.8,0,0,10,18,28,4,2,0,1,1,1,0,1,18,0,28
"2316",43193,2003,3,3,82,31,1.6,0,0,20,11,31,7,5,1,1,0,0,1,5,11,0,31
"2318",43193,2003,4,3,77,30,2.4,0,0,25,5,30,8,6,4,2,1,0,0,4,5,0,30
"2320",43193,2003,5,3,72,31,4.1,0,0,29,2,31,11,4,0,1,1,0,0,12,2,0,31
"2322",43193,2003,6,3,85,30,2.8,0,0,25,5,30,2,4,3,7,2,3,3,1,5,0,30
"2324",43193,2003,7,3,89,31,3.4,0,0,26,5,31,7,3,1,2,1,7,1,4,5,0,31
"2326",43193,2003,8,3,89,31,2.3,0,0,23,8,31,2,0,1,0,2,6,2,10,8,0,31
"2328",43193,2003,9,3,88,29,1.6,0,0,19,10,29,7,2,2,2,1,2,1,2,10,0,29
"2330",43193,2003,10,3,88,30,1.2,0,0,18,12,30,6,4,1,2,2,0,0,3,12,0,30
"2332",43193,2003,11,3,81,30,1.4,0,0,21,9,30,15,2,2,0,0,0,0,2,9,0,30
"2334",43193,2003,12,3,84,31,0.3,0,0,5,26,31,3,0,0,1,1,0,0,0,26,0,31
"2336",43193,2004,1,3,85,31,1,0,0,11,20,31,3,6,1,0,0,1,0,0,20,0,31
"2338",43193,2004,2,3,85,29,0.6,0,0,9,20,29,3,4,0,0,0,0,0,2,20,0,29
"2340",43193,2004,3,3,87,31,1.5,0,0,22,9,31,9,4,2,2,1,0,2,2,9,0,31
"2342",43193,2004,4,3,76,30,2.4,0,0,27,3,30,12,7,2,1,0,0,0,5,3,0,30
"2344",43193,2004,5,3,79,31,2.6,0,0,30,1,31,11,7,2,5,2,0,0,3,1,0,31
"2346",43193,2004,6,3,83,30,4.3,0,0,30,0,30,6,1,0,4,3,11,4,1,0,0,30
"2348",43193,2004,7,3,88,31,2.5,0,0,26,5,31,7,4,1,1,0,4,3,6,5,0,31
"2350",43193,2004,8,3,85,31,3.3,0,0,30,1,31,3,2,0,0,0,10,5,10,1,0,31
"2352",43193,2004,9,3,89,30,2.2,0,0,29,1,30,7,10,1,1,3,2,1,4,1,0,30
"2354",43193,2004,10,3,82,31,1.4,0,0,21,10,31,3,6,1,1,1,3,0,6,10,0,31
"2356",43193,2004,11,3,84,30,0.5,0,0,8,22,30,1,2,0,0,1,2,0,2,22,0,30
"2358",43193,2004,12,3,82,30,0.8,0,0,13,17,30,2,6,1,0,1,2,0,1,17,0,30
"2360",43193,2005,1,3,86,31,1.1,0,0,18,13,31,3,14,0,0,0,0,0,1,13,0,31
"2362",43193,2005,2,3,83,28,1.3,0,0,16,12,28,5,8,0,0,0,1,0,2,12,0,28
"2364",43193,2005,3,3,85,31,1.4,0,0,20,11,31,4,9,1,0,0,2,0,4,11,0,31
"2366",43193,2005,4,3,79,30,2.2,0,0,27,3,30,4,15,0,0,0,2,0,6,3,0,30
"2368",43193,2005,5,3,73,31,2.4,0,0,27,4,31,7,8,1,1,2,0,0,8,4,0,31
"2370",43193,2005,6,3,87,30,3.2,0,0,26,4,30,3,6,0,1,0,13,0,3,4,0,30
"2372",43193,2005,7,3,88,31,4.1,0,0,29,2,31,2,6,0,0,0,12,2,7,2,0,31
"2374",43193,2005,8,3,87,31,3.4,0,0,28,3,31,0,2,0,0,1,15,1,9,3,0,31
"2376",43193,2005,9,3,91,28,2.3,0,0,23,5,28,1,2,0,0,6,4,1,9,5,0,28
"2378",43193,2005,10,3,88,30,1.6,0,0,23,7,30,2,10,0,0,0,0,1,10,7,0,30
"2380",43193,2005,11,3,82,30,0.6,0,0,9,21,30,3,3,0,0,0,1,0,2,21,0,30
"2382",43193,2005,12,3,86,31,0.4,0,0,6,25,31,0,4,0,0,0,0,0,2,25,0,31
"2384",43193,2006,1,3,82,28,0.7,0,0,7,21,28,1,6,0,0,0,0,0,0,21,0,28
"2386",43193,2006,2,3,87,27,0.3,0,0,5,22,27,0,2,0,0,0,1,0,2,22,0,27
"2388",43193,2006,3,3,84,30,2.4,0,2,14,14,30,4,5,1,0,1,2,0,3,14,0,30
"2390",43193,2006,4,3,78,29,1.8,0,0,20,9,29,7,9,1,0,0,0,0,3,9,0,29
"2392",43193,2006,5,3,80,31,2.2,0,0,29,2,31,8,7,0,2,1,2,1,8,2,0,31
"2394",43193,2006,6,3,87,29,2.6,0,0,23,6,29,1,6,1,2,1,10,0,2,6,0,29
"2396",43193,2006,7,3,84,27,5.4,0,0,26,1,27,0,0,0,0,0,19,4,3,1,0,27
"2398",43193,2006,8,3,87,30,2.5,0,0,26,4,30,2,0,0,0,0,10,4,10,4,0,30
"2400",43193,2006,9,3,91,27,2.3,0,1,18,8,27,4,6,0,1,1,5,0,2,8,0,27
"2402",43193,2006,10,3,89,28,1.5,0,1,9,18,28,1,2,0,1,0,3,0,3,18,0,28
"2404",43193,2006,11,3,87,30,0.6,0,0,10,20,30,0,5,0,0,0,2,0,3,20,0,30
"2406",43193,2006,12,3,86,31,0.5,0,0,8,23,31,1,6,0,0,0,1,0,0,23,0,31
"2408",43193,2007,1,3,91,31,0.3,0,0,5,26,31,0,4,1,0,0,0,0,0,26,0,31
"2410",43193,2007,2,3,89,25,0.1,0,0,2,23,25,0,1,0,0,0,0,0,0,24,0,25
"2412",43193,2007,3,3,88,30,0.5,0,0,8,22,30,1,4,0,0,0,1,0,2,22,0,30
"2414",43193,2007,4,3,80,29,1.7,0,0,19,10,29,1,10,0,0,1,2,0,5,10,0,29
"2416",43193,2007,5,3,74,30,2.2,0,0,25,5,30,6,9,1,0,3,0,0,6,5,0,30
"2418",43193,2007,6,3,88,23,2.2,0,0,17,6,23,0,9,1,0,0,4,0,3,6,0,23
"2420",43193,2007,7,3,92,24,2.5,0,0,19,5,24,0,3,0,0,0,11,0,5,5,0,24
"2422",43193,2007,8,3,94,30,1.8,0,0,17,13,30,1,2,0,0,0,7,1,6,13,0,30
"2424",43193,2007,9,3,94,29,1,0,0,11,18,29,2,0,0,0,2,6,0,1,18,0,29
"2426",43193,2007,10,3,91,31,0.5,0,0,9,22,31,0,4,0,0,0,2,0,3,22,0,31
"2428",43193,2007,11,3,85,28,0.2,0,0,4,24,28,0,2,0,0,0,0,0,2,24,0,28
"2430",43193,2007,12,3,89,31,0.1,0,0,2,29,31,0,2,0,0,0,0,0,0,29,0,31
"2432",43193,2008,1,3,90,31,0.3,0,0,5,26,31,1,4,0,0,0,0,0,0,26,0,31
"2434",43193,2008,2,3,85,28,1.1,0,0,10,18,28,2,4,0,0,0,0,0,4,18,0,28
"2436",43193,2008,3,3,89,29,0.6,0,0,9,20,29,1,3,0,0,0,1,0,4,20,0,29
"2438",43193,2008,4,3,84,29,1.9,0,0,19,10,29,0,7,0,0,0,4,1,7,10,0,29
"2440",43193,2008,5,3,79,31,2.7,0,0,29,2,31,2,16,0,0,0,0,1,10,2,0,31
"2442",43193,2008,6,3,84,28,3.3,0,0,27,1,28,0,3,1,1,0,14,0,8,1,0,28
"2444",43193,2008,7,3,87,31,2,0,0,18,13,31,0,2,0,0,1,7,2,6,13,0,31
"2446",43193,2008,8,3,89,27,1.4,0,0,12,15,27,0,0,0,0,0,1,0,11,15,0,27
"2448",43193,2008,9,3,89,28,1.4,0,0,15,13,28,0,5,0,0,1,7,0,2,13,0,28
"2450",43193,2008,10,3,87,30,0.4,0,0,6,24,30,1,2,0,0,0,0,1,2,24,0,30
"2452",43193,2008,11,3,83,29,0.4,0,0,7,22,29,0,2,0,2,0,0,0,3,22,0,29
"2454",43193,2008,12,3,88,30,0.1,0,0,2,28,30,0,1,0,0,0,0,0,1,28,0,30
